1,51,-701,0,0,19,0,6,0,5
2,183,-839,-257,1016,624,0,0,0,0
3,216,-1288,-514,1016,208,0,17,255,251
4,136,-986,-257,0,37,0,23,0,18
5,120,-876,-257,1016,800,0,25,0,24
6,37,-974,-514,0,1,0,19,0,4
7,42,-937,-257,1016,992,0,18,0,0
8,4,-944,-257,1016,944,0,18,0,4
9,-91,-916,-257,1016,864,0,10,0,7
10,-85,-937,-257,1016,888,0,10,0,6
11,-69,-898,-257,1016,1016,0,6,0,0
12,-36,-964,-257,0,6,1016,255,255,248
13,-1,-959,-257,0,7,1016,254,255,251
14,-64,-991,-257,0,6,0,15,0,2
15,-67,-997,-257,0,1,0,19,0,1
16,-164,-968,-257,0,2,0,13,255,254
17,-150,-969,-257,0,1,0,11,255,252
18,-102,-913,-257,0,4,0,15,255,245
19,-145,-915,-257,0,1,0,18,255,229
20,-141,-899,-257,0,0,0,21,255,230
21,-222,-899,-257,0,0,0,22,255,238
22,433,-1149,-514,1016,576,1016,185,0,12
23,17,-1355,-514,0,63,1016,228,0,50
24,-146,-1081,-257,0,34,1016,205,0,11
25,-11,-681,0,0,99,1016,214,255,244
26,4,-634,0,0,75,1016,215,255,239
27,-134,-760,0,1016,944,1016,231,255,244
28,-56,-765,0,1016,872,1016,239,255,245
29,33,-934,0,1016,800,1016,254,0,6
30,-462,-1514,0,0,0,1016,245,255,237
31,184,-1304,0,1016,656,1016,177,255,223
32,403,-1382,-514,0,32,0,20,255,251
33,31,-825,-257,1016,448,0,45,0,17
34,147,-1146,-514,1016,240,0,46,0,3
35,19,-575,-257,0,0,0,63,0,21
36,-316,-809,0,0,15,0,55,0,4
37,-238,-957,-257,1016,912,0,29,255,240
38,-87,-1190,-514,0,0,0,56,0,6
39,-445,-1152,-257,0,21,0,63,0,19
40,-206,-1363,-514,1016,568,1016,245,255,240
41,248,-925,-514,1016,672,1016,177,255,241
42,43,-1306,-514,0,79,1016,227,0,28
43,4,-936,-257,0,58,1016,186,255,216
44,-60,-637,0,1016,760,1016,223,255,250
45,-127,-861,0,1016,720,1016,250,0,0
46,-195,-1104,0,1016,856,1016,254,0,28
47,-316,-1284,0,1016,808,1016,236,0,10
48,-268,-1756,-257,1016,480,1016,218,255,229
49,-408,-1613,151,0,82,1016,230,255,254
50,-160,-563,0,1016,904,0,82,0,31
51,150,-1096,-514,1016,127,0,28,255,255
52,-251,-660,-257,1016,744,0,86,0,13
53,-218,-988,-257,1016,712,0,50,255,254
54,,,,,,,,,
55,-263,-895,-257,1016,1000,0,29,255,233
56,-293,-1172,-514,1016,928,0,24,255,252
57,-467,-1268,-514,1016,928,0,19,255,246
58,405,-883,-514,1016,816,1016,177,255,247
59,163,-1136,-514,1016,688,1016,204,0,54
60,-194,-878,-257,0,96,1016,222,0,22
61,-252,-779,-257,0,45,1016,191,255,232
62,243,-575,-257,0,112,1016,178,255,219
63,98,-378,0,0,120,1016,206,255,249
64,20234,3411,-23387,0,42,1008,176,255,255
65,21412,-27392,-16191,480,1016,632,255,215,255
66,-2,-997,0,1016,752,0,11,255,253
67,-157,-1215,0,1016,776,0,27,0,36
68,446,-1750,-514,1016,960,1016,236,255,226
69,43,-803,-257,1016,464,0,76,0,15
70,-26,-1181,-514,1016,116,0,58,255,255
71,-157,-978,-257,0,3,0,25,255,227
72,-10,30,6,73,47,56,144,15,142
73,-206,-1156,-514,1016,912,0,7,0,8
74,112,-1471,-771,1016,136,1016,226,0,65
75,-121,-951,-257,0,59,1016,230,0,34
76,-68,-339,22,0,29,1016,207,255,233
77,-125,-700,0,1016,616,1016,231,255,224
78,-64,-849,0,1016,696,1016,232,255,228
79,141,-1045,-514,1016,272,0,29,0,15
80,103,-747,-257,1016,760,0,87,0,21
81,-17,-590,-257,1016,888,0,93,0,18
82,-106,-965,-514,1016,816,0,46,255,252
83,-333,-1177,-514,1016,880,0,15,255,249
84,-180,-1294,-257,1016,928,0,7,255,236
85,317,-918,-514,1016,576,1016,183,255,252
86,-62,-1049,-257,0,97,1016,222,0,21
87,90,-679,-257,0,98,1016,173,255,205
88,144,-528,0,0,114,1016,191,255,219
89,6,-339,0,0,120,1016,227,255,248
90,-107,-252,104,0,37,1016,233,0,2
91,-126,-978,0,1016,552,0,5,0,5
92,-309,-1830,37,0,48,1016,226,255,243
93,-82,-1590,-257,0,46,1016,177,255,247
94,216,-1948,-514,1016,744,1016,255,255,189
95,32,-1159,-514,1016,81,0,73,255,242
96,54,-592,-257,1016,712,0,55,0,19
97,-66,-833,-257,0,32,0,37,255,248
98,-142,-629,0,0,53,0,41,255,253
99,71,-1109,-514,0,18,0,50,255,250
100,-32,-1085,-257,1016,1016,1016,252,255,239
101,297,-1094,-257,1016,648,1016,191,0,3
102,305,-1482,-514,0,70,1016,187,0,14
103,50,-613,0,0,105,1016,192,255,228
104,-52,-770,60,1016,632,1016,249,255,247
105,-135,-1157,0,1016,616,1016,243,0,6
106,-284,-1653,-257,1016,560,1016,230,255,253
107,-363,-1990,-257,1016,736,1016,243,255,242
108,-302,-1445,283,0,127,1016,242,0,33
109,140,-705,0,0,45,0,14,0,6
110,207,-910,-257,1016,224,0,34,255,244
111,159,-1058,-514,1016,792,0,35,0,23
112,-29,-545,-257,1016,840,0,75,0,8
113,-24,-780,-257,1016,696,0,63,0,4
114,-393,-1319,-514,1016,920,0,49,255,249
115,-547,-1087,-257,1016,976,0,51,255,245
116,280,-1184,-771,1016,96,1016,211,0,1
117,158,-928,-257,0,102,1016,184,0,31
118,133,-890,-514,0,5,1016,175,255,221
119,122,-739,-257,0,101,1016,201,255,238
120,61,-538,0,0,108,1016,207,255,238
121,-231,-1697,-257,0,30,1016,252,0,0
122,203,-605,0,0,832,0,17,0,40
123,-23,-312,0,0,10,0,47,0,19
124,307,-666,-257,0,15,0,45,0,20
125,-287,-846,-257,1016,536,0,77,0,3
126,-231,-938,-514,1016,920,0,43,255,254
127,-67,-887,-514,0,19,0,22,255,243
128,-118,-807,-257,0,30,0,36,255,243
129,-179,-848,-257,0,27,0,27,255,247
130,-217,-1243,-257,0,0,1016,250,255,228
131,-715,-22,0,1016,984,37,74,13,135
132,371,-1596,-771,1016,280,1016,214,0,79
133,318,-1759,-1028,0,5,1016,226,0,35
134,-90,-804,-257,0,58,1016,187,255,209
135,92,-766,-257,0,99,1016,188,255,217
136,-98,-254,22,0,104,1016,229,255,248
137,-207,-319,70,1016,912,1016,230,255,250
138,-57,-789,6,1016,296,1016,243,255,243
139,-286,-1463,-257,1016,928,1016,254,0,23
140,-390,-1798,-257,1016,920,1016,244,255,237
141,482,-1558,-771,1016,968,1016,253,255,224
142,179,-1124,-257,0,44,0,35,0,15
143,94,-1113,-514,1016,400,0,19,0,8
144,166,-985,-514,1016,680,0,24,0,12
145,183,-626,-257,1016,888,0,60,0,12
146,-133,-778,-257,1016,424,0,49,255,253
147,-66,-1004,-514,1016,872,0,17,255,234
148,-214,-844,-257,0,55,0,33,255,244
149,19,-1043,-514,1016,944,0,36,255,212
150,-208,-1189,-514,1016,760,0,6,255,241
151,-161,-1398,-514,1016,824,0,24,255,252
152,243,-833,-257,1016,712,1016,167,0,4
153,217,-1824,-1028,1016,320,1016,197,0,39
154,61,-907,-257,0,127,1016,218,0,41
155,123,-456,0,0,72,1016,210,255,229
156,-172,-1252,0,1016,480,1016,255,255,255
157,-227,-1450,-257,1016,1016,1016,226,255,250
158,-328,-1631,44,0,7,1016,254,255,255
159,455,-1695,-514,1016,552,1016,250,255,210
160,411,-1406,-514,0,18,0,51,0,2
161,330,-775,-257,0,91,0,27,0,4
162,-24,-697,0,1016,752,0,81,0,10
163,-31,-828,-257,1016,296,0,38,255,252
164,85,-727,-257,1016,576,0,79,0,15
165,-136,-621,-257,1016,752,0,85,0,16
166,-234,-842,-257,0,40,0,47,255,247
167,-152,-786,-257,0,22,0,34,255,228
168,-262,-1001,-514,1016,632,0,1,255,246
169,142,-901,-514,1016,336,1016,177,0,38
170,166,-1757,-1028,1016,264,1016,193,0,51
171,200,-1595,-771,0,71,1016,196,0,9
172,-16,-936,-514,0,120,1016,211,0,7
173,-116,-747,-257,0,83,1016,173,255,206
174,106,-583,-257,0,32,1016,167,255,196
175,-184,-1628,-257,1016,784,1016,237,255,237
176,-254,-1774,0,1016,1000,1016,249,255,251
177,404,-1695,-771,1016,512,0,20,255,232
178,158,-787,-257,1016,800,0,26,0,16
179,-225,-727,-257,1016,864,0,80,0,13
180,-244,-922,-514,1016,928,0,42,255,251
181,10419,2573,21416,35,1016,5,252,252,254
182,-89,-863,-257,1016,928,0,35,255,219
183,-192,-960,-257,1016,680,0,14,255,240
184,-176,-1327,-514,1016,544,0,21,255,241
185,-248,-1108,-257,0,43,0,33,0,4
186,383,-853,-771,1016,368,1016,156,255,251
187,261,-1418,-771,1016,584,1016,220,0,55
188,171,-1568,-771,0,1,1016,219,0,34
189,81,-1218,-514,0,106,1016,218,0,33
190,-74,-864,-257,0,92,1016,219,0,23
191,-113,-866,-257,0,33,1016,211,255,233
192,-69,-746,-257,0,83,1016,197,255,229
193,-5,-551,-257,0,24,1016,186,255,220
194,0,-339,0,0,125,1016,187,255,229
195,-79,-468,56,1016,920,1016,208,255,241
196,-195,-1133,0,1016,808,1016,235,0,13
197,-446,-1150,418,0,88,1016,237,0,15
198,263,-970,-257,0,87,0,51,0,13
199,248,-1103,-771,1016,16,0,68,0,18
200,80,-943,-514,1016,600,0,113,0,21
201,-120,-909,-257,1016,856,0,53,0,0
202,-50,-863,-257,0,2,0,50,255,248
203,-217,-548,-257,0,37,0,75,255,249
204,-310,-1286,-514,1016,744,0,30,255,250
205,-225,-1112,-257,0,16,1016,252,255,223
206,-202,-1277,-514,1016,728,0,37,0,4
207,76,-1104,-257,1016,1008,1016,241,0,18
208,186,-1423,-771,0,99,1016,194,0,20
209,114,-934,-257,0,121,1016,214,0,35
210,-145,-752,-257,0,43,1016,194,255,216
211,144,-722,-257,0,90,1016,177,255,202
212,-120,-944,0,1016,280,1016,238,255,247
213,-441,-1338,380,0,116,1016,252,0,19
214,-347,-1034,0,0,71,1016,220,0,20
215,646,-1585,-771,1016,520,0,33,255,217
216,165,-1143,-514,1016,424,0,35,0,17
217,-134,-581,-257,1016,512,0,104,0,15
218,-179,-722,-257,1016,616,0,85,0,8
219,-113,-878,-514,1016,880,0,45,0,5
220,-100,-894,-514,0,1,0,40,255,253
221,-291,-798,-257,0,34,0,54,255,250
222,-163,-769,-257,0,10,0,37,255,224
223,-94,-881,-514,0,0,0,40,255,213
224,-194,-1114,-257,0,11,0,23,255,247
225,154,-1831,-1028,1016,112,1016,212,0,57
226,145,-521,-257,0,72,1016,190,255,224
227,-36,-231,94,0,104,1016,211,255,254
228,-109,-1302,0,1016,544,0,2,0,0
229,-220,-1460,-257,1016,928,1016,236,255,252
230,-365,-1563,-257,1016,976,1016,246,255,247
231,455,-1630,-514,1016,136,1016,234,255,203
232,127,-395,0,0,54,0,41,0,3
233,129,-1046,-514,1016,94,0,36,0,10
234,324,-1066,-514,1016,520,0,49,0,16
235,-21,-588,-257,0,14,0,106,0,34
236,-307,-546,-257,1016,912,0,94,0,12
237,-162,-909,-257,1016,752,0,42,0,0
238,-22,-965,-514,1016,944,0,30,255,242
239,-404,-789,-257,0,27,0,56,255,243
240,-299,-849,-257,1016,976,0,34,255,212
241,-38,-1140,-514,1016,824,1016,254,255,229
242,267,-1360,-771,0,55,1016,194,0,8
243,202,-1016,-514,0,86,1016,217,0,23
244,125,-665,-257,0,115,1016,184,255,222
245,47,-322,0,0,98,1016,220,0,1
246,-235,-1011,0,1016,776,0,9,0,1
247,-476,-1422,-257,1016,560,1016,243,255,247
248,-463,-1651,0,1016,656,1016,220,255,231
249,-357,-1255,265,0,90,1016,199,0,4
250,403,-1853,-514,1016,280,1016,231,255,212
251,306,-528,0,0,72,0,25,0,19
252,30474,3411,-22102,0,656,1008,13,255,165
253,-84,-1012,-257,1016,118,0,57,255,249
254,-44,-623,-257,1016,704,0,91,0,9
255,-173,-970,-514,1016,624,0,64,0,3
256,-81,-915,-514,0,12,0,39,255,239
257,-296,-845,-257,0,2,0,39,255,225
258,-461,-1287,-514,1016,664,0,30,255,254
259,55,-1065,-514,1016,600,1016,213,0,0
260,407,-1200,-514,1016,800,1016,204,0,45
261,236,-1517,-771,0,2,1016,228,0,54
262,-37,-1084,-514,0,63,1016,221,0,29
263,-244,-1020,-257,0,51,1016,224,0,2
264,-64,-756,-257,0,90,1016,175,255,218
265,183,-447,0,0,122,1016,187,255,225
266,131,-368,0,0,67,1016,224,255,243
267,-134,-634,0,1016,712,1016,243,255,254
268,-175,-807,0,1016,648,1016,254,0,4
269,-384,-1766,-514,1016,576,1016,227,255,219
270,95,-999,-514,1016,472,0,21,0,8
271,-149,-926,-514,1016,744,0,47,255,253
272,48,-978,-257,0,5,0,27,255,225
273,-225,-1226,-514,1016,904,0,18,255,238
274,63,-1285,-514,1016,928,0,11,255,249
275,-4,-1293,-514,1016,664,1016,253,0,10
276,212,-1002,-771,1016,600,1016,213,0,39
277,-73,-796,-257,0,89,1016,182,255,220
278,59,-595,-257,0,124,1016,163,255,209
279,115,-382,0,0,16,1016,182,255,231
280,77,-213,48,0,59,1016,205,255,241
281,-86,-677,9,1016,440,1016,246,0,2
282,-33,-1008,0,1016,392,1016,250,0,12
283,189,-1086,-514,1016,352,0,41,0,4
284,-31,-533,-257,1016,1000,0,98,0,15
285,-157,-739,-257,1016,536,0,68,0,11
286,-105,-986,-514,1016,696,0,50,255,254
287,-143,-835,-257,0,28,0,58,255,255
288,-115,-874,-257,1016,792,0,42,255,214
289,8,-1122,-514,1016,968,0,33,255,219
290,-311,-1051,-257,0,18,0,26,0,4
291,-298,-1228,-514,1016,808,0,15,255,251
292,-155,-1224,-771,1016,856,1016,244,255,245
293,296,-966,-514,1016,768,1016,183,255,246
294,216,-865,-771,1016,328,1016,215,0,37
295,158,-1670,-1028,1016,760,1016,205,0,23
296,208,-1343,-771,0,100,1016,203,0,18
297,104,-908,-514,0,184,1016,220,0,37
298,-272,-797,-257,0,65,1016,226,0,5
299,77,-781,-257,0,78,1016,178,255,212
300,59,-614,-257,0,119,1016,190,255,231
301,-290,-1501,371,0,113,1016,255,0,16
302,-127,-1363,-257,0,24,1016,240,0,1
303,357,-1146,-257,0,79,0,27,0,21
304,-11,-813,-257,1016,360,0,64,255,255
305,53,-1073,-514,1016,256,0,27,255,254
306,-18,-571,-257,1016,768,0,94,0,20
307,-89,-925,-514,0,19,0,30,255,242
308,-263,-755,-257,0,45,0,44,255,245
309,-166,-793,-257,0,3,0,31,255,214
310,-62,-958,-257,0,9,0,22,255,212
311,-191,-849,-257,0,42,0,13,255,236
312,40,-1121,-514,1016,856,0,3,0,13
313,318,-930,-514,1016,656,1016,233,0,16
314,142,-934,-257,0,88,1016,199,0,33
315,-160,-822,-257,0,69,1016,223,0,25
316,-158,-861,-257,0,19,1016,191,255,231
317,4,-867,-257,0,53,1016,179,255,217
318,179,-631,-257,0,115,1016,188,255,228
319,11,-414,0,0,126,1016,215,255,246
320,-108,-525,0,1016,576,1016,211,255,243
321,10304,2573,21419,456,1016,120,251,124,255
322,305,-1788,-514,1016,752,0,0,255,237
323,288,-1355,-514,0,38,0,25,0,3
324,340,-764,-257,0,61,0,0,0,1
325,149,-807,-257,1016,528,0,50,255,251
326,-172,-958,-514,0,11,0,32,255,245
327,-236,-845,-257,0,0,0,25,255,222
328,-19,-810,-257,0,41,0,0,255,229
329,-300,-1341,-514,1016,744,0,5,255,236
330,150,-1602,-771,1016,896,1016,229,0,35
331,-161,-857,-257,0,71,1016,192,255,227
332,-86,-430,0,0,3,1016,217,255,240
333,-110,-1085,0,1016,640,0,9,0,30
334,-272,-1249,0,1016,744,1016,255,0,36
335,618,-1765,-1028,1016,208,1016,244,255,211
336,207,-907,-514,1016,272,0,24,0,0
337,,,,,,,,,
338,-168,-667,-257,1016,784,0,108,0,23
339,-211,-668,-257,1016,840,0,99,0,22
340,-116,-916,-514,0,9,0,35,255,246
341,-243,-775,-257,0,35,0,49,255,249
342,-332,-1162,-514,1016,912,0,14,255,251
343,355,-1060,-514,1016,472,1016,171,0,3
344,204,-1654,-771,1016,760,1016,221,0,38
345,134,-1396,-514,0,86,1016,222,0,30
346,-6,-1044,-257,0,111,1016,225,0,32
347,93,-623,-257,0,110,1016,177,255,213
348,122,-548,0,0,116,1016,189,255,229
349,-133,-377,21,0,19,1016,226,255,252
350,-110,-748,0,1016,568,1016,236,255,249
351,-162,-961,0,1016,576,1016,250,0,0
352,-410,-988,279,0,71,1016,220,0,13
353,385,-1543,-514,1016,464,1016,232,255,236
354,478,-968,-257,0,67,1016,252,255,248
355,29,-855,-257,1016,472,0,37,0,0
356,241,-1017,-514,1016,456,0,29,0,9
357,160,-874,-257,1016,624,0,65,0,14
358,-113,-876,-257,1016,880,0,38,255,247
359,-26,-740,-257,0,22,0,36,255,247
360,-67,-1178,-514,0,12,0,25,255,221
361,-265,-949,-257,0,42,0,26,255,245
362,-430,-1069,-257,1016,1000,0,16,255,243
363,79,-1759,-771,1016,552,1016,233,0,61
364,11,-831,-257,0,83,1016,180,255,203
365,-118,-1209,0,1016,360,1016,244,0,18
366,-189,-1771,0,0,15,1016,250,255,249
367,677,-1820,-1028,1016,240,0,45,255,227
368,-5,-451,0,0,72,0,36,0,14
369,300,-580,-257,0,5,0,39,0,17
370,56,-505,-257,1016,272,0,91,0,12
371,-86,-1004,-514,1016,392,0,62,0,13
372,-56,-973,-514,0,25,0,36,0,2
373,-294,-731,-257,0,58,0,52,0,3
374,-328,-710,-257,0,30,0,42,255,246
375,-1,-1005,-514,0,24,0,22,255,231
376,450,-885,-514,1016,408,1016,179,0,30
377,-5877,3411,-21074,1,392,992,12,252,242
378,334,-1453,-771,1016,368,1016,225,0,72
379,254,-1577,-771,0,7,1016,222,0,39
380,-31,-575,0,0,40,0,47,0,14
381,-135,-600,-257,1016,784,0,111,0,18
382,-108,-888,-514,1016,960,0,36,255,243
383,-145,-834,-257,0,23,0,46,255,244
384,-381,-721,-257,0,40,0,60,255,242
385,-295,-826,-257,1016,952,0,31,255,212
386,18954,3411,-21074,1016,14,992,103,254,46
387,-14,-919,-257,0,41,0,2,255,229
388,-240,-1287,-514,1016,784,0,18,255,241
389,-119,-1155,-514,0,4,0,18,255,240
390,347,-817,-771,1016,312,1016,175,0,5
391,158,-962,-514,0,108,1016,212,0,28
392,-40,12332,4554,35,117,10,13,83,173
393,120,-596,-257,0,125,1016,177,255,214
394,-47,-324,38,0,23,1016,219,255,248
395,-168,-730,25,1016,480,1016,249,0,12
396,-69,-1075,0,1016,440,1016,251,0,19
397,-471,-1690,-257,1016,688,1016,200,255,223
398,-316,-1830,0,1016,952,1016,225,255,228
399,478,-1600,-514,1016,800,1016,238,255,241
400,175,-874,-257,0,44,0,19,0,13
401,47,-894,-257,1016,528,0,53,255,242
402,185,-825,-257,1016,472,0,66,0,17
403,-215,-648,-257,1016,776,0,99,0,2
404,-183,-781,-257,1016,856,0,50,255,253
405,-388,-738,-257,0,25,0,64,255,240
406,-131,-936,-257,1016,936,0,21,255,218
407,-11,-918,-514,0,3,0,13,255,227
408,-327,-1121,-257,1016,1000,0,11,255,253
409,-83,-1091,-514,1016,888,1016,234,0,8
410,314,-838,-514,1016,600,1016,169,0,10
411,288,-909,-771,1016,24,1016,166,0,35
412,-13813,3411,-20817,0,680,984,28,252,11
413,121,-1842,-1285,1016,120,1016,211,0,62
414,-101,-826,-257,0,62,1016,178,255,202
415,177,-604,-257,0,123,1016,190,255,204
416,-118,-666,135,1016,136,1016,254,0,6
417,-513,-1810,-257,0,17,1016,252,255,250
418,-417,-1141,510,0,344,1016,229,0,21
419,117,-1033,0,0,47,1016,217,0,6
420,702,-1655,-1028,1016,89,1016,234,255,175
421,382,-1139,-514,0,90,0,11,0,11
422,41,-970,-514,1016,119,0,41,0,16
423,320,-1143,-771,1016,376,0,59,0,12
424,-235,-445,0,0,18,0,113,0,10
425,-197,-1008,-514,1016,760,0,46,255,238
426,-354,-826,-257,0,56,0,47,255,237
427,-199,-1180,-514,1016,880,1016,252,255,239
428,43,-1409,-514,1016,688,0,6,255,236
429,443,-702,-514,1016,776,1016,166,0,3
430,465,-578,-514,1016,600,1016,171,0,12
431,94,11189,-26214,35,64,10,13,83,174
432,187,-1931,-1285,1016,121,1016,208,0,62
433,164,-1305,-771,0,216,1016,217,0,30
434,-227,-805,-257,0,121,1016,233,0,24
435,234,-592,-257,0,107,1016,161,255,182
436,226,-370,-257,0,144,1016,194,255,218
437,-100,-562,139,1016,96,1016,247,0,16
438,-111,-1256,0,1016,107,1016,254,0,24
439,-213,-1657,-514,1016,384,1016,221,255,250
440,-301,-1745,170,0,93,0,6,0,2
441,3,-644,0,0,78,0,46,0,11
442,-51,-527,0,1016,864,0,36,0,7
443,307,-905,-514,1016,744,0,48,0,13
444,-31,-552,-257,0,5,0,90,0,29
445,-189,-598,-257,1016,656,0,58,0,0
446,-107,-921,-514,1016,752,0,35,255,231
447,-5,-1003,-257,1016,880,0,27,255,202
448,226,-1778,-1028,1016,328,1016,223,0,56
449,-176,-944,-257,0,81,1016,227,0,32
450,-226,-837,-257,0,60,1016,197,255,221
451,21,-602,-257,0,8,1016,201,255,225
452,-10,-526,-257,0,64,1016,203,255,227
453,-55,-183,85,0,33,1016,209,255,249
454,-36,-384,106,1016,608,1016,230,255,251
455,-21,-854,78,1016,352,0,6,0,10
456,-212,-1283,0,1016,424,0,24,0,26
457,-33,-731,-257,0,90,0,29,0,22
458,-86,-765,-257,1016,472,0,33,255,247
459,52,-977,-514,1016,208,0,13,255,249
460,310,-791,-257,1016,568,0,68,0,8
461,-227,-791,-257,1016,904,0,51,0,0
462,-102,-905,-514,1016,968,0,42,255,235
463,-344,-1347,-514,1016,656,0,17,255,246
464,459,-782,-514,1016,528,1016,183,0,13
465,130,-1485,-771,1016,288,1016,242,0,72
466,94,-1724,-1028,1016,896,1016,217,0,30
467,131,-1206,-514,0,116,1016,206,0,23
468,-152,-830,-257,0,65,1016,187,255,219
469,-40,-205,77,0,68,1016,221,255,251
470,-295,-1597,-514,1016,696,1016,222,255,243
471,-193,-1764,-257,1016,800,1016,234,255,219
472,644,-1670,-771,1016,560,1016,225,255,204
473,351,-927,-514,1016,800,0,34,0,14
474,115,-631,-257,1016,808,0,97,0,3
475,-236,-667,-257,1016,592,0,74,0,2
476,-148,-977,-514,1016,768,0,42,255,245
477,-271,-693,-257,0,28,0,57,255,235
478,31,-1056,-514,0,14,0,24,255,218
479,-438,-1168,-257,1016,872,0,13,255,248
480,-261,-1383,-514,1016,752,0,8,255,238
481,392,-1048,-771,1016,272,1016,205,0,44
482,240,-1716,-1028,1016,576,1016,231,0,62
483,227,-1508,-771,0,28,1016,217,0,25
484,-364,-972,-257,0,44,1016,229,0,6
485,-293,-882,-257,0,72,1016,178,255,217
486,91,-672,-257,0,111,1016,152,255,198
487,203,-488,0,0,56,1016,172,255,209
488,-22,-222,0,0,102,1016,221,255,242
489,8,-529,0,1016,648,0,56,0,11
490,37,-687,-257,1016,128,0,40,0,5
491,160,-1044,-514,1016,119,0,32,0,10
492,168,-860,-514,1016,776,0,94,0,23
493,-299,-551,-257,1016,1008,0,97,0,20
494,-312,-683,0,0,58,0,51,255,247
495,-317,-1220,-514,1016,952,0,17,255,252
496,221,-996,-514,1016,680,1016,242,0,69
497,120,-1846,-1028,1016,440,1016,193,0,14
498,-258,-888,-257,0,103,1016,204,0,21
499,-81,-752,-257,0,66,1016,163,255,210
500,244,-730,-257,0,84,1016,173,255,209
501,165,-515,-257,0,112,1016,196,255,219
502,-28,-290,0,0,48,1016,216,255,241
503,-133,-1311,0,1016,208,0,4,0,17
504,-418,-1694,-514,1016,616,1016,236,0,12
505,-449,-901,49,0,74,1016,221,0,15
506,633,-1661,-514,1016,448,1016,236,255,218
507,399,-1882,-1028,1016,128,0,32,255,235
508,71,-469,0,0,65,0,28,0,4
509,146,-988,-514,1016,101,0,28,0,28
510,-202,-544,-257,1016,968,0,103,0,18
511,-99,-870,-257,0,33,0,51,255,247
512,-292,-700,-257,0,43,0,55,255,244
513,-110,-1061,-257,1016,984,0,45,255,218
514,-185,-1033,-514,0,28,0,28,255,234
515,-361,-1032,-257,0,4,0,10,255,238
516,-96,-1516,-257,1016,824,1016,254,255,229
517,64,-1227,-514,1016,1000,1016,245,255,242
518,488,-932,-514,1016,680,1016,174,255,245
519,472,-695,-771,1016,592,1016,185,0,19
520,69,-1599,-771,0,38,1016,228,0,38
521,28,-1091,-514,0,122,1016,209,0,34
522,-275,-903,-257,0,88,1016,217,0,28
523,112,-442,0,0,122,1016,212,255,231
524,-61,-839,0,1016,496,1016,238,0,4
525,9145,2573,21425,73,1016,56,251,84,255
526,-246,-1421,-257,1016,792,1016,230,0,14
527,-295,-1782,-514,1016,504,1016,237,255,220
528,-423,-1589,171,0,86,1016,245,255,253
529,384,-1792,-771,1016,496,0,35,255,246
530,250,-948,-257,0,123,0,3,0,16
531,227,-1106,-514,1016,648,0,27,0,6
532,156,-719,-257,1016,912,0,64,0,24
533,-177,-741,-257,1016,504,0,58,255,255
534,-2,-1017,-514,1016,792,0,30,255,237
535,-28,-1071,-514,1016,920,0,41,255,220
536,-188,-794,-257,0,40,0,29,255,251
537,-367,-1142,-514,1016,680,0,19,0,4
538,-64,-1069,-257,0,6,0,11,0,4
539,494,-901,-771,1016,704,1016,194,0,25
540,265,-1356,-771,1016,672,1016,240,0,76
541,253,-1578,-771,0,17,1016,229,0,29
542,-249,-891,-257,0,46,1016,196,255,247
543,136,-618,-257,0,118,1016,190,255,224
544,-93,-213,89,0,47,1016,224,255,242
545,-63,-1079,0,1016,448,0,3,0,21
546,-354,-1560,-257,1016,592,1016,241,0,20
547,-327,-1939,-514,1016,392,1016,236,255,219
548,-161,-1652,190,0,116,1016,242,255,253
549,62,-1320,0,1016,960,0,15,255,249
550,26,-755,0,1016,720,0,56,0,2
551,223,-888,-257,1016,664,0,42,0,19
552,107,-641,-257,1016,672,0,99,0,12
553,-130,-607,-257,1016,696,0,104,0,15
554,-183,-993,-514,1016,616,0,59,0,8
555,-373,-718,0,0,41,0,45,255,241
556,-108,-1100,-257,1016,984,0,17,255,250
557,145,-1037,-257,1016,808,1016,220,0,11
558,398,-816,-514,1016,800,1016,189,0,46
559,-306,-884,-257,0,47,1016,180,255,247
560,226,-719,-257,0,84,1016,153,255,203
561,-8,-284,77,0,11,1016,212,255,243
562,-320,-1872,-514,1016,656,1016,245,255,236
563,-307,-1482,256,0,16,1016,255,0,21
564,246,-821,-257,0,100,0,10,0,11
565,-56,-642,-257,1016,896,0,117,0,34
566,-321,-535,-257,1016,832,0,103,0,18
567,-221,-973,-514,1016,600,0,54,0,2
568,-164,-776,-257,1016,944,0,27,255,209
569,3,-1027,-514,1016,872,0,26,255,206
570,-46,-811,-257,0,51,0,22,255,241
571,-256,-900,-257,1016,960,0,18,0,1
572,-181,-1135,-514,1016,1016,1016,255,0,0
573,-238,-1222,-514,1016,712,1016,249,0,8
574,293,-1547,-771,1016,784,1016,234,0,65
575,-241,-1072,-514,0,49,1016,214,0,11
576,-227,-984,-514,0,60,1016,194,255,228
577,-61,-825,-257,0,90,1016,175,255,221
578,79,-614,-257,0,127,1016,172,255,215
579,85,-461,0,0,16,1016,188,255,225
580,11,-258,20,0,68,1016,215,255,235
581,-76,-339,43,0,2,1016,223,255,247
582,-160,-709,0,1016,480,1016,240,255,252
583,-116,-1004,0,1016,528,1016,247,0,8
584,-315,-1725,-514,1016,376,1016,242,255,224
585,-349,-1677,0,0,24,1016,247,255,249
586,93,-1162,-257,1016,1000,1016,234,255,244
587,284,-1373,-771,0,61,0,41,0,32
588,72,-770,-257,1016,124,0,28,0,0
589,258,-1059,-514,1016,280,0,31,0,15
590,-413,-811,-257,0,47,0,54,255,252
591,-334,-774,-257,1016,928,0,18,255,210
592,-30,-1051,-257,1016,1016,0,14,255,239
593,-108,-1148,-514,1016,960,0,24,255,248
594,186,-922,-514,1016,496,1016,180,0,9
595,279,-971,-771,1016,400,1016,222,0,43
596,121,-1574,-771,1016,568,1016,252,0,70
597,-38,-1304,-771,0,89,1016,215,0,18
598,63,-532,0,0,64,1016,198,255,232
599,38,-487,0,0,16,1016,203,255,237
600,-12,-290,0,0,64,1016,211,255,245
601,7829,2573,21427,39,1016,752,253,211,255
602,-390,-1441,-257,0,33,1016,239,255,236
603,-507,-962,619,0,107,1016,245,0,4
604,-53,-1162,-257,1016,480,1016,218,255,249
605,264,-1510,-771,0,25,0,27,0,16
606,232,-814,-257,0,101,0,3,0,0
607,0,-568,0,0,3,0,31,0,1
608,95,-622,-257,1016,440,0,11,255,254
609,269,-1022,-514,1016,432,0,78,0,27
610,-314,-687,-257,1016,1016,0,91,0,18
611,-308,-695,-257,1016,984,0,53,0,4
612,-184,-858,-257,1016,904,0,36,255,247
613,-137,-774,-257,0,23,0,47,255,245
614,-198,-1151,-257,1016,984,0,10,255,237
615,1,-1176,-514,1016,816,0,5,0,11
616,344,-1049,-514,1016,552,1016,230,0,73
617,-186,-1042,-257,0,105,1016,227,0,37
618,-411,-920,-257,0,52,1016,210,255,251
619,-132,-858,-257,0,69,1016,163,255,213
620,205,-529,0,0,119,1016,188,255,220
621,55,-315,0,0,103,1016,219,255,240
622,-82,-232,89,0,48,1016,227,255,254
623,-113,-897,0,1016,400,1016,250,0,9
624,-185,-1418,-257,1016,576,1016,240,0,7
625,-570,-727,496,1016,1008,1016,233,255,247
626,282,-1516,-514,1016,122,1016,241,255,228
627,547,-1878,-1028,1016,128,0,14,255,208
628,220,-799,-257,0,480,0,14,0,8
629,203,-330,70,0,76,0,17,0,8
630,102,-637,-257,1016,94,0,43,0,8
631,138,-1374,-771,1016,280,0,35,0,22
632,112,-1063,-514,0,0,0,60,0,28
633,39,-620,-257,0,23,0,69,0,18
634,-43,-430,-257,0,7,0,72,0,8
635,-38,-949,-514,1016,832,0,45,255,236
636,-31,-1133,-514,1016,1000,0,41,255,221
637,-290,-1092,-257,0,2,0,21,255,248
638,-105,-1322,-257,1016,848,0,19,255,247
639,334,-1247,-771,1016,496,1016,236,0,67
640,115,-1645,-771,0,6,1016,235,0,47
641,-193,-1080,-514,0,83,1016,217,0,32
642,-44,-784,-257,0,88,1016,172,255,217
643,92,-668,-257,0,112,1016,176,255,216
644,7,-312,0,0,118,1016,210,255,234
645,-50,-229,104,0,58,1016,216,255,247
646,-111,-841,0,1016,248,1016,240,0,8
647,-110,-1251,0,1016,344,1016,255,0,22
648,-337,-1694,-514,1016,752,1016,234,255,254
649,-314,-1395,235,0,110,1016,237,255,254
650,386,-1536,-514,0,0,0,29,255,251
651,126,-461,0,0,1,0,54,0,6
652,204,-1159,-514,1016,560,0,33,0,14
653,-43,-546,-257,1016,776,0,108,0,24
654,-250,-590,-257,1016,576,0,103,0,16
655,-1027,-583,0,0,56,1016,253,32,87
656,-337,-687,0,0,12,0,19,255,217
657,-93,-917,-514,1016,840,0,11,255,203
658,18,-837,-257,0,27,0,2,255,240
659,-28,-1053,-514,1016,880,0,12,255,255
660,278,-1071,-514,1016,344,1016,208,255,252
661,332,-908,-771,1016,624,1016,221,0,36
662,3,-1460,-771,0,69,1016,220,0,25
663,-108,-929,-257,0,106,1016,214,0,31
664,-272,-921,-257,0,56,1016,217,0,4
665,135,-604,-257,0,32,1016,190,255,229
666,43,-401,0,0,125,1016,205,255,240
667,-29,-296,24,0,79,1016,215,255,244
668,-72,-483,32,1016,760,1016,231,255,247
669,-164,-702,8,1016,560,1016,251,0,1
670,-303,-1976,-514,1016,360,1016,237,255,229
671,-347,-1861,-257,1016,944,1016,236,255,242
672,479,-1834,-1285,1016,120,0,23,255,230
673,321,-779,-257,0,168,0,8,0,9
674,42,-387,0,0,54,0,46,0,29
675,293,-1154,-771,1016,544,0,87,0,23
676,-327,-455,0,0,24,0,77,0,3
677,-333,-753,0,0,63,0,34,255,227
678,10295,2573,21428,712,1016,57,252,94,254
679,-152,-996,-257,1016,936,0,26,255,255
680,390,-882,-514,1016,616,1016,215,255,255
681,349,-904,-257,0,0,1016,246,0,56
682,123,-1692,-1285,1016,104,1016,225,0,85
683,-179,-843,-257,0,110,1016,171,255,253
684,-78,-850,-257,0,89,1016,142,255,226
685,-116,133,202,0,69,1016,221,0,7
686,-138,-545,24,1016,160,1016,225,0,3
687,-217,-1253,0,1016,872,1016,234,0,27
688,-343,-1511,-257,1016,888,1016,222,255,245
689,-123,-1542,-257,0,34,1016,249,0,0
690,507,-1641,-514,1016,904,0,19,255,228
691,232,-1174,-257,0,26,0,52,0,8
692,153,-591,0,0,13,0,58,0,4
693,-187,-1061,-514,1016,920,0,46,255,250
694,-248,-790,-257,0,47,0,50,255,249
695,-352,-674,0,0,16,0,39,255,236
696,-846,-384,0,0,35,1016,214,61,54
697,-354,-762,-257,0,7,0,14,255,247
698,-287,-992,-257,0,84,1016,204,0,6
699,174,-668,-257,0,102,1016,169,255,204
700,112,-518,0,0,112,1016,200,255,221
701,64,-382,0,0,86,1016,219,255,239
702,-118,-485,57,0,3,1016,232,255,254
703,-107,-787,20,1016,648,1016,241,255,249
704,-191,-988,30,1016,616,0,7,0,26
705,-277,-1131,0,1016,672,1016,244,0,32
706,-319,-1807,-257,1016,464,1016,240,255,221
707,-328,-1061,172,0,124,1016,239,0,15
708,504,-1688,-514,1016,328,1016,239,255,205
709,302,-626,0,0,560,0,16,0,30
710,-63,-482,0,1016,520,0,64,0,12
711,0,-980,-514,1016,64,0,30,0,2
712,256,-883,-514,0,3,0,39,0,17
713,64,-565,-257,1016,832,0,91,0,10
714,-125,-929,-514,1016,824,0,56,0,10
715,-100,-983,-514,1016,920,0,53,255,252
716,-357,-703,-257,0,21,0,32,255,239
717,-103,-908,-257,1016,888,0,30,255,221
718,-260,-1306,-514,1016,952,0,21,255,245
719,-115,-1093,-514,0,5,1016,255,255,253
720,141,-1746,-1028,1016,664,1016,229,0,45
721,-20,-759,-257,0,103,1016,158,255,197
722,90,-298,0,0,101,1016,226,255,241
723,-71,-236,64,0,16,1016,248,0,10
724,-210,-514,1,1016,672,1016,251,0,18
725,-203,-846,0,1016,512,1016,255,0,21
726,-42,-1160,0,1016,448,0,7,0,18
727,-140,-1314,57,0,83,1016,199,0,8
728,97,-1658,-257,1016,848,1016,202,255,232
729,159,-1818,-514,1016,904,0,45,255,238
730,286,-954,-257,0,106,0,21,255,254
731,65,-966,-514,1016,95,0,39,255,242
732,186,-733,-257,1016,744,0,74,0,34
733,-209,-722,-257,1016,616,0,99,0,21
734,-234,-755,-257,1016,776,0,81,0,5
735,-176,-841,-514,1016,856,0,59,255,241
736,-272,-1053,-514,1016,888,0,54,255,242
737,-462,-850,-257,0,54,0,40,255,245
738,82,-863,-257,0,4,0,10,255,212
739,13,-852,-257,0,0,0,19,255,230
740,-1227,-545,0,0,26,1016,244,36,92
741,-136,-1183,-514,1016,880,0,11,255,237
742,-20469,3411,-18761,1016,520,984,130,253,136
743,302,-1027,-514,1016,688,1016,195,255,247
744,-19,-1466,-771,0,48,1016,222,0,30
745,-118,-995,-257,0,42,1016,182,255,213
746,65,-891,-257,0,86,1016,162,255,209
747,-17,-99,75,0,100,1016,195,255,236
748,-68,-229,65,1016,760,1016,213,255,248
749,-109,-705,18,1016,232,1016,228,0,5
750,-381,-1657,-514,1016,792,1016,221,0,0
751,-369,-1899,-514,1016,632,1016,222,255,221
752,-132,-1088,0,0,92,1016,208,0,6
753,85,-433,0,0,35,0,66,0,14
754,101,-635,-257,1016,16,0,41,0,15
755,106,-1062,-514,1016,85,0,51,0,20
756,167,-1192,-771,1016,360,0,52,0,29
757,47,-599,-257,0,12,0,91,0,35
758,-143,-474,-257,1016,872,0,96,0,20
759,-149,-873,-514,1016,552,0,69,0,2
760,-68,-988,-514,1016,960,0,50,255,249
761,-256,-599,0,0,10,0,43,255,214
762,-103,-827,-257,1016,888,0,43,255,200
763,-220,-1036,-257,0,8,0,26,0,0
764,-322,-1262,-514,1016,784,0,32,0,0
765,-173,-1356,-257,1016,824,0,27,255,241
766,551,-612,-514,1016,784,1016,187,0,17
767,196,-1471,-1028,1016,24,1016,250,0,87
768,64,-1883,-1028,1016,672,1016,251,0,48
769,-100,-917,-257,0,124,1016,212,0,40
770,-178,-967,-257,0,18,1016,191,255,231
771,92,-1007,-514,0,33,1016,168,255,198
772,77,-616,-257,0,48,1016,198,255,221
773,-108,-258,157,1016,608,1016,223,0,9
774,23,-1110,0,1016,107,1016,235,0,19
775,-190,-1550,-514,1016,456,1016,229,0,18
776,-238,-1787,-514,1016,912,1016,224,255,228
777,-482,-1158,451,0,56,1016,253,0,32
778,815,-1824,-1028,1016,77,1016,241,255,185
779,228,-1072,-257,0,8,0,4,0,5
780,7,-406,0,0,76,0,24,0,7
781,114,-531,0,1016,168,0,20,0,10
782,-54,-659,-257,0,9,0,92,0,16
783,-189,-515,-257,1016,896,0,69,255,254
784,-148,-863,-257,1016,656,0,55,255,246
785,-267,-636,0,0,23,0,38,255,217
786,-70,-1069,-514,1016,848,0,20,255,209
787,-168,-853,-257,0,25,0,6,255,235
788,-246,-1187,-514,1016,728,0,3,255,245
789,-25589,3411,-18504,1008,992,976,235,253,152
790,-87,-1211,-257,0,10,0,18,255,243
791,-19,-1136,-257,0,1,0,21,255,243
792,329,-817,-771,1016,448,1016,224,0,50
793,42,-1761,-1028,1016,464,1016,248,0,39
794,26,-1506,-771,0,47,1016,219,0,25
795,-89,-1014,-257,0,117,1016,205,0,37
796,-6,-945,-514,0,60,1016,167,255,213
797,141,-693,-257,0,122,1016,172,255,217
798,-59,-165,139,1016,848,1016,213,255,244
799,-63,-787,6,1016,192,1016,224,0,1
800,-271,-1823,-514,1016,680,1016,228,255,242
801,-208,-1505,19,0,108,1016,247,0,10
802,616,-1883,-1028,1016,504,1016,239,255,205
803,120,-1224,-257,0,103,0,47,0,35
804,252,-501,0,0,113,1016,241,0,2
805,109,-1214,-514,1016,160,0,36,0,10
806,245,-722,-257,1016,920,0,55,0,30
807,3,-601,-257,1016,664,0,96,0,20
808,-64,-913,-257,1016,968,0,33,255,214
809,-50,-1171,-514,1016,896,0,8,0,1
810,463,-892,-771,1016,536,1016,198,0,33
811,185,-1627,-771,1016,600,1016,250,0,85
812,24,-1581,-771,0,25,1016,232,0,36
813,-109,-1086,-514,0,87,1016,214,0,23
814,130,-635,-257,0,128,1016,161,255,209
815,-216,-1814,-514,1016,872,1016,239,255,229
816,-292,-1421,349,0,192,0,4,0,19
817,293,-1219,-514,0,125,0,36,0,34
818,55,-426,0,0,62,0,39,0,12
819,278,-1122,-514,1016,544,0,37,0,7
820,244,-820,-514,1016,960,0,81,0,27
821,-139,-967,-514,1016,920,0,45,255,243
822,-346,-1040,-257,1016,888,0,28,255,242
823,-348,-1260,-514,1016,752,0,14,255,231
824,1,-1162,-514,0,78,1016,210,0,31
825,-210,-981,-514,0,59,1016,219,0,26
826,-276,-934,-257,0,49,1016,202,255,239
827,209,-521,-257,0,168,1016,171,255,201
828,83,-262,17,0,240,1016,220,255,242
829,-214,-796,0,1016,208,1016,251,255,252
830,-266,-1233,0,1016,264,0,7,0,5
831,-241,-1259,0,0,82,1016,250,0,24
832,727,-1746,-771,1016,472,1016,221,255,219
833,101,-712,0,0,85,0,16,0,1
834,-12,-610,0,1016,680,0,21,255,246
835,209,-1089,-514,1016,24,0,5,0,1
836,329,-1071,-514,1016,392,0,24,0,4
837,-131,-605,-257,1016,824,0,96,0,13
838,-313,-641,0,0,39,0,34,255,229
839,-385,-1059,-257,1016,792,1016,248,255,245
840,154,-1091,-514,1016,584,1016,217,0,3
841,497,-896,-514,1016,528,1016,179,0,13
842,4106,3411,-18247,1,1000,992,173,252,226
843,54,-1352,-514,0,96,1016,220,0,21
844,17,-663,-257,0,101,1016,185,255,216
845,23,-143,100,0,78,1016,220,255,240
846,-15,-984,67,1016,184,0,14,0,11
847,-160,-1525,-257,1016,560,0,9,0,26
848,-370,-1370,0,0,113,1016,252,0,13
849,430,-1739,-514,1016,688,1016,229,255,218
850,22,-1091,-514,1016,96,0,7,255,233
851,335,-720,-257,0,12,0,33,0,22
852,-75,-641,-257,1016,392,0,112,0,20
853,-155,-970,-514,1016,976,0,42,255,246
854,-334,-769,-257,0,24,0,58,255,243
855,-16,-981,-257,0,24,0,17,255,217
856,-370,-1166,-514,1016,704,0,18,255,240
857,319,-968,-257,1016,720,1016,200,0,8
858,394,-1047,-771,1016,432,1016,212,0,73
859,-498,-824,0,0,60,1016,204,0,3
860,-58,-225,75,0,42,1016,210,255,251
861,-348,-1633,-514,1016,696,1016,245,255,251
862,-498,-1107,367,0,168,1016,244,0,25
863,173,-1282,0,1016,904,1016,225,255,255
864,561,-1774,-1285,1016,304,0,40,0,1
865,246,-948,-257,0,296,0,16,0,20
866,138,-366,0,0,103,0,36,0,9
867,67,-826,-257,1016,97,0,59,0,6
868,-251,-476,-257,0,22,0,111,0,18
869,-146,-904,-257,1016,896,0,23,255,207
870,-44,-926,-257,0,17,0,16,255,211
871,-265,-1335,-514,1016,936,0,20,255,243
872,-23,-1155,-257,0,31,0,16,0,0
873,102,-1084,-257,1016,888,1016,236,0,7
874,348,-1453,-514,1016,664,1016,248,0,89
875,104,-1574,-771,0,35,1016,239,0,44
876,-345,-830,-257,0,56,1016,189,255,242
877,-156,-849,-257,0,52,1016,158,255,216
878,22,-789,-257,0,94,1016,144,255,209
879,-44,-1466,0,0,116,1016,216,0,14
880,-27,-592,-257,1016,296,0,100,0,5
881,-168,-964,-514,0,17,0,32,255,245
882,-323,-690,0,0,24,0,38,255,230
883,-88,-823,-257,1016,920,0,20,255,212
884,-376,-1122,-257,0,4,0,35,0,4
885,-178,-1437,-257,1016,808,0,27,255,255
886,-24,-1128,-514,0,21,0,8,0,10
887,395,-1028,-771,1016,408,1016,193,0,38
888,131,-1643,-771,0,24,1016,226,0,32
889,-319,-876,-257,0,31,1016,217,255,236
890,-104,-838,-257,0,49,1016,179,255,219
891,75,-417,0,0,125,1016,186,255,222
892,30,-273,0,0,92,1016,202,255,229
893,4,-877,0,1016,280,1016,253,0,3
894,-113,-1253,0,1016,432,0,13,0,30
895,-305,-1638,-514,1016,592,1016,247,0,13
896,739,-1865,-1285,1016,124,1016,223,255,199
897,307,-1453,-771,0,30,0,36,0,20
898,55,-485,0,1016,680,0,39,255,253
899,189,-920,-514,1016,105,0,28,0,5
900,319,-1166,-771,1016,128,0,33,0,13
901,-91,-611,-257,1016,952,0,118,0,14
902,-176,-548,-257,1016,968,0,113,0,9
903,-99,-900,-257,0,8,0,40,255,241
904,-242,-728,-257,0,40,0,46,255,237
905,0,-1409,-257,1016,536,0,18,255,239
906,61,-1093,-514,1016,704,1016,240,0,7
907,458,-799,-771,1016,264,1016,186,0,17
908,315,-1529,-771,1016,464,1016,231,0,75
909,30,-1005,-514,0,108,1016,230,0,47
910,-234,-984,-257,0,34,1016,232,0,17
911,-204,-965,-514,0,88,1016,185,255,214
912,158,-399,0,0,240,1016,170,255,218
913,119,-221,17,0,116,1016,201,255,239
914,-81,-662,5,1016,344,1016,245,0,14
915,-65,-1119,0,1016,232,1016,251,0,21
916,-150,-1519,-514,1016,632,1016,231,0,5
917,239,-1296,-514,0,67,0,19,0,4
918,309,-638,0,0,101,1016,253,255,250
919,47,-679,0,1016,592,0,51,0,6
920,274,-782,-257,1016,992,0,65,0,16
921,-98,-475,0,0,3,0,109,0,18
922,-83,-972,-514,1016,936,0,28,255,228
923,-270,-799,-257,0,41,0,38,255,239
924,21434,-1536,32763,208,1000,840,255,241,255
925,-19,-1031,-514,0,2,1016,253,0,5
926,426,-845,-514,1016,656,1016,180,0,4
927,220,-1667,-1028,1016,160,1016,234,0,88
928,120,-1818,-1028,0,39,1016,223,0,29
929,-191,-943,-257,0,40,1016,188,255,212
930,-37,-822,-257,0,100,1016,176,255,209
931,190,-531,-257,0,104,1016,168,255,207
932,-48,-380,33,1016,464,1016,243,0,3
933,-111,-828,0,1016,200,1016,255,0,10
934,-455,-1640,-514,0,4,1016,246,255,251
935,-268,-1325,-257,0,76,1016,229,255,242
936,-298,-1072,500,0,107,1016,255,0,6
937,465,-1860,-771,1016,96,0,17,255,221
938,213,-1019,-257,0,136,1016,250,0,14
939,172,-698,-257,1016,536,0,111,0,13
940,-157,-922,-514,1016,888,0,28,255,202
941,-58,-1017,-257,0,24,0,18,255,205
942,-267,-1160,-514,1016,688,0,17,255,239
943,-221,-1359,-514,1016,824,0,18,255,239
944,61,-1027,-257,0,24,1016,250,255,251
945,428,-1090,-771,1016,264,1016,185,0,21
946,360,-1477,-771,1016,696,1016,228,0,68
947,-46,-1099,-257,0,25,1016,224,0,19
948,-166,-1037,-514,0,56,1016,212,255,234
949,-72,-465,3,1016,800,1016,237,255,253
950,-81,-645,4,1016,664,1016,249,255,255
951,-117,-978,0,1016,504,0,10,0,18
952,-188,-1857,-514,1016,344,1016,250,255,224
953,462,-1970,-1028,1016,232,0,18,255,239
954,343,-1058,-514,1016,248,0,46,0,7
955,216,-846,-514,1016,624,0,95,0,29
956,-188,-642,-257,1016,872,0,121,0,30
957,-264,-880,-257,1016,712,0,64,0,5
958,-139,-905,-257,0,10,0,33,255,243
959,-182,-728,0,0,31,0,42,255,248
960,-314,-715,0,0,8,0,36,255,239
961,-134,-981,-257,1016,856,0,30,255,215
962,-76,-1005,-257,0,17,0,27,255,217
963,-171,-960,-257,0,23,0,15,255,231
964,-62,-1172,-514,1016,952,0,20,255,252
965,452,-710,-514,1016,824,1016,171,0,20
966,0,-1560,-771,0,96,1016,224,0,24
967,-187,-940,-257,0,62,1016,156,255,206
968,106,-809,-257,0,109,1016,143,255,181
969,179,-411,0,0,320,1016,179,255,210
970,-91,-451,60,1016,528,1016,233,0,2
971,-125,-840,0,1016,480,1016,240,0,7
972,-374,-1335,0,1016,736,1016,241,0,36
973,-564,-1829,-257,1016,464,1016,228,255,227
974,-92,-1422,112,0,94,1016,209,0,4
975,289,-979,-257,0,50,0,13,0,0
976,107,-724,0,1016,824,0,58,0,4
977,107,-897,-257,1016,352,0,32,0,7
978,183,-961,-514,1016,384,0,35,0,17
979,194,-895,-514,1016,584,0,67,0,26
980,-233,-687,-257,1016,912,0,72,0,2
981,-131,-910,-257,1016,792,0,40,255,241
982,-327,-695,0,0,64,0,42,255,250
983,-32,-982,-257,1016,784,0,16,255,219
984,-265,-978,-257,0,13,0,31,0,0
985,200,-1246,-514,1016,576,1016,213,0,61
986,-232,-901,-257,0,49,1016,173,255,232
987,-51,-778,-257,0,51,1016,163,255,202
988,87,-397,0,0,107,1016,206,255,228
989,36,-317,0,0,94,1016,212,255,231
990,-65,-391,30,1016,936,1016,224,255,252
991,77,-1300,0,1016,392,0,8,0,14
992,-249,-1699,-514,1016,384,0,16,0,11
993,-520,-904,642,0,304,0,6,0,27
994,-148,-814,9,0,29,1016,234,0,19
995,226,-590,-257,1016,40,0,35,0,15
996,268,-1108,-514,1016,37,0,51,0,17
997,-211,-831,-257,1016,680,0,42,255,255
998,-304,-784,-257,0,50,0,37,255,238
999,-180,-708,0,0,24,0,19,255,222
1000,-162,-946,-257,0,41,0,0,255,227
1001,272,-1207,-257,1016,872,0,0,255,252
1002,402,-1112,-771,1016,472,1016,189,0,26
1003,315,-1595,-771,1016,792,1016,234,0,71
1004,-91,-1067,-257,0,56,1016,240,0,41
1005,1,-649,-257,0,16,1016,167,255,205
1006,142,-449,0,0,8,1016,170,255,209
1007,138,-287,0,0,90,1016,202,255,218
1008,0,-306,73,0,0,1016,234,255,247
1009,-102,-932,0,1016,424,0,5,0,11
1010,-146,-1343,0,1016,456,0,23,0,37
1011,-253,-1397,-514,1016,784,1016,243,0,11
1012,-337,-954,140,0,25,1016,246,0,23
1013,275,-1682,-1028,1016,344,1016,251,255,238
1014,283,-1173,-514,0,66,1016,246,255,243
1015,152,-766,0,0,63,0,20,255,251
1016,165,-600,0,1016,880,0,27,0,3
1017,266,-1176,-771,1016,114,0,81,0,21
1018,-190,-880,-514,1016,904,0,128,0,26
1019,-325,-492,-257,0,47,0,86,0,4
1020,-103,-987,-514,1016,680,0,48,255,236
1021,-378,-841,-257,0,39,0,49,255,239
1022,-246,-776,-257,1016,976,0,21,255,209
1023,-152,-964,-257,1016,912,0,21,255,202
1024,-105,-1102,-257,0,22,0,6,255,239
1025,-44,-1282,-257,1016,864,0,8,255,246
1026,11,-1105,-514,1016,896,1016,251,0,2
1027,261,-983,-514,1016,392,1016,190,0,11
1028,-948,-71,0,0,74,20,161,14,103
1029,19,-1148,-514,0,120,1016,217,0,38
1030,-327,-1766,-257,1016,600,1016,243,255,234
1031,-375,-1476,83,0,25,1016,235,255,235
1032,178,-1035,-257,0,49,0,22,255,251
1033,258,-719,-257,1016,128,0,14,0,9
1034,299,-825,-514,1016,24,0,27,0,9
1035,375,-1101,-771,1016,128,0,59,0,11
1036,-279,-767,-257,0,1,0,25,255,205
1037,-286,-1211,-514,1016,912,0,13,255,246
1038,-117,-1374,-257,1016,920,0,6,255,243
1039,97,-1107,-514,1016,952,1016,249,255,254
1040,359,-966,-514,1016,888,1016,243,0,77
1041,144,-1649,-771,1016,712,1016,249,0,77
1042,-13,-1244,-514,0,65,1016,233,0,27
1043,-310,-1054,-257,0,36,1016,222,255,255
1044,-169,-852,-257,0,69,1016,165,255,220
1045,178,-497,-257,0,121,1016,172,255,228
1046,71,-303,0,0,115,1016,204,255,235
1047,-86,-176,45,0,53,1016,221,255,248
1048,-137,-890,39,1016,160,1016,243,0,16
1049,-227,-1424,0,1016,152,1016,248,0,22
1050,-226,-1882,-771,1016,360,1016,226,255,219
1051,-260,-940,79,0,118,1016,221,0,27
1052,735,-1796,-1028,1016,16,1016,230,255,203
1053,236,-1583,-771,0,39,0,47,0,19
1054,89,-322,0,0,296,0,0,0,3
1055,89,-406,0,1016,664,0,26,0,0
1056,143,-1080,-514,1016,67,0,26,0,2
1057,48,-1001,-257,0,7,0,17,255,214
1058,-233,-1058,-257,0,10,0,23,255,233
1059,-324,-1093,-257,0,8,0,7,255,246
1060,59,-1170,-514,1016,824,1016,253,0,13
1061,298,-1121,-771,1016,600,1016,225,0,57
1062,-24,-1150,-514,0,91,1016,229,0,32
1063,-288,-960,-257,0,65,1016,222,0,21
1064,-226,-935,-257,0,45,1016,177,255,210
1065,83,-326,0,0,125,1016,209,255,239
1066,-355,-1752,-514,1016,848,0,11,255,247
1067,-349,-1287,379,0,116,0,7,0,11
1068,0,-1243,-257,0,5,1016,252,0,20
1069,336,-1813,-771,1016,376,0,19,255,231
1070,258,-959,-257,0,115,0,5,255,252
1071,155,-542,0,0,54,0,30,0,5
1072,102,-758,-257,1016,312,0,29,255,246
1073,-85,-856,-257,0,22,0,30,255,238
1074,-222,-744,0,0,33,0,42,255,237
1075,-204,-772,-257,0,12,0,32,255,225
1076,-225,-1513,-514,1016,648,0,5,255,236
1077,-66,-1073,-514,1016,808,1016,249,0,9
1078,259,-1002,-514,1016,424,1016,183,0,7
1079,241,-1617,-771,1016,856,1016,240,0,68
1080,-24,-821,-257,0,84,1016,162,255,216
1081,82,-623,-257,0,125,1016,164,255,219
1082,-100,-655,3,1016,504,1016,230,255,254
1083,-360,-1624,-257,1016,672,1016,244,0,20
1084,-385,-1913,-257,1016,568,1016,251,255,227
1085,356,-1386,-257,1016,568,1016,250,255,222
1086,326,-1375,-514,0,24,0,48,0,15
1087,161,-1207,-514,1016,128,0,31,0,6
1088,282,-953,-514,1016,792,0,49,0,19
1089,-197,-704,-257,1016,688,0,78,0,11
1090,-14,-947,-514,1016,832,0,35,255,241
1091,-8,-1099,-257,0,9,0,19,255,250
1092,-18,-994,-514,1016,864,0,17,0,10
1093,-90,-1875,-1028,1016,111,1016,243,0,96
1094,96,-1755,-1028,0,13,1016,196,0,7
1095,-282,-845,-257,0,98,1016,202,0,19
1096,-215,-835,-257,0,40,1016,188,255,222
1097,114,-187,0,0,240,1016,209,255,226
1098,-12,81,148,0,85,1016,234,0,3
1099,-53,-81,161,1016,776,1016,243,0,12
1100,-252,-1480,-257,1016,112,0,3,0,20
1101,-254,-1978,-771,1016,656,1016,252,255,220
1102,-255,-1632,2,0,80,0,6,0,5
1103,-533,-905,229,0,208,1016,251,0,40
1104,251,-1078,-514,1016,592,0,31,0,13
1105,336,-801,-257,1016,824,0,48,0,22
1106,-29,-564,-257,1016,704,0,108,0,23
1107,-249,-684,-257,1016,672,0,90,0,18
1108,-170,-910,-257,1016,744,0,49,255,249
1109,-72,-890,-514,1016,1016,0,50,255,235
1110,-310,-883,-257,0,8,0,39,255,216
1111,-138,-946,-257,0,14,0,28,255,207
1112,-17,-901,-257,0,20,0,18,255,230
1113,-193,-1453,-514,1016,856,0,10,255,240
1114,32,-1073,-514,0,19,1016,254,0,3
1115,382,-861,-771,1016,360,1016,208,0,40
1116,191,-1682,-771,1016,256,1016,253,0,89
1117,-113,-968,-257,0,111,1016,234,0,41
1118,-280,-982,-257,0,27,1016,211,255,242
1119,-57,-833,-257,0,93,1016,165,255,212
1120,179,-520,-257,0,48,1016,158,255,211
1121,109,-319,0,0,128,1016,197,255,227
1122,-61,-1402,-257,1016,320,0,17,0,38
1123,-161,-1455,-257,1016,320,0,17,0,38
1124,-487,-1721,-514,1016,784,0,7,255,237
1125,-314,-1373,274,0,8,1016,240,255,244
1126,33,-1323,0,1016,344,0,15,255,244
1127,448,-1948,-1028,1016,91,0,0,255,205
1128,310,-1034,-257,0,8,1016,253,0,1
1129,127,-643,0,1016,408,0,14,255,244
1130,240,-1029,-514,1016,113,0,12,255,255
1131,-147,-619,-257,1016,816,0,72,0,3
1132,-194,-938,-257,1016,552,0,49,0,0
1133,-174,-880,-257,0,25,0,44,255,243
1134,-134,-707,-257,0,3,0,20,255,211
1135,-254,-1070,-257,0,26,0,22,0,3
1136,-269,-1209,-257,1016,920,0,22,255,255
1137,24,-1118,-514,1016,864,1016,248,0,4
1138,284,-836,-514,1016,464,1016,204,0,42
1139,272,-921,-771,1016,408,1016,219,0,52
1140,92,-1855,-1028,1016,480,1016,250,0,67
1141,51,-1288,-514,0,80,1016,220,0,23
1142,-149,-846,-257,0,104,1016,227,0,32
1143,-327,-845,-257,0,47,1016,210,255,229
1144,-97,-884,-257,0,58,1016,174,255,208
1145,262,-480,-257,0,121,1016,154,255,192
1146,77,-377,49,0,104,1016,239,255,254
1147,-104,-270,60,0,12,1016,238,0,2
1148,-217,-1109,0,1016,552,0,13,0,37
1149,-146,-1276,-257,1016,728,1016,244,0,14
1150,225,-1737,-514,1016,552,1016,238,255,242
1151,199,-1260,-514,1016,456,0,11,0,0
1152,140,-629,-257,1016,912,0,83,0,18
1153,-19,-580,-257,1016,800,0,100,0,17
1154,-185,-1010,-514,1016,768,0,26,255,236
1155,-103,-857,-257,0,18,0,26,255,227
1156,-292,-721,0,0,28,0,35,255,235
1157,-204,-765,-257,1016,952,0,19,255,215
1158,0,-1045,-257,1016,840,0,23,255,209
1159,-293,-1103,-257,1016,952,0,8,255,247
1160,-103,-1398,-257,1016,920,0,4,255,242
1161,12,-1099,-257,1016,704,1016,224,0,0
1162,442,-811,-514,1016,408,1016,177,0,6
1163,472,-1094,-771,1016,392,1016,228,0,56
1164,-339,-1064,-257,0,15,1016,224,255,244
1165,56,-714,-257,0,123,1016,172,255,208
1166,72,-481,0,0,144,1016,181,255,214
1167,58,-281,0,0,123,1016,200,255,225
1168,-896,-834,378,0,280,0,3,0,44
1169,-75,-1124,0,1016,456,1016,235,255,237
1170,690,-1839,-1028,1016,127,1016,216,255,200
1171,334,-1599,-771,0,35,0,13,255,232
1172,413,-930,-514,1016,60,0,34,0,12
1173,-245,-829,-257,1016,1000,0,47,255,254
1174,-289,-903,-257,0,11,0,38,255,227
1175,-209,-1161,-514,1016,992,0,20,0,0
1176,471,-779,-771,1016,544,1016,219,0,43
1177,307,-455,-257,0,208,1016,180,255,210
1178,159,-237,0,0,208,1016,214,255,237
1179,-8,-49,135,0,64,1016,239,0,0
1180,-125,-1472,-257,1016,208,0,18,0,12
1181,-207,-1660,-257,0,14,1016,246,255,234
1182,-132,-1647,0,0,44,1016,249,255,244
1183,102,-1918,-771,0,11,0,8,0,18
1184,371,-641,-257,0,57,0,14,0,18
1185,118,-444,0,1016,736,0,80,0,10
1186,-223,-808,-257,1016,200,0,71,0,1
1187,-37,-880,-257,0,16,0,31,255,234
1188,16,-1445,-514,1016,736,1016,246,255,251
1189,16,-989,-257,0,24,1016,223,0,18
1190,303,-982,-514,1016,200,1016,176,0,20
1191,229,-1647,-771,0,1,1016,243,0,51
1192,-17,-1294,-514,0,83,1016,242,0,39
1193,-182,-975,-257,0,63,1016,221,0,11
1194,19,-718,-257,0,113,1016,177,255,219
1195,-30,-350,6,1016,776,1016,224,255,240
1196,31,-1078,0,1016,360,0,3,0,27
1197,-490,-1453,0,0,81,0,4,255,249
1198,-676,-865,457,0,208,0,13,0,35
1199,369,-1220,-514,0,78,1016,250,255,235
1200,244,-537,0,0,8,0,7,255,253
1201,214,-269,0,0,13,0,18,255,250
1202,324,-732,-257,1016,74,0,44,0,12
1203,346,-1267,-771,1016,81,0,92,0,6
1204,-39,-939,-514,1016,880,0,131,0,38
1205,-258,-1162,-514,1016,648,0,27,255,238
1206,344,-947,-514,1016,472,1016,219,0,59
1207,144,-1766,-1028,1016,672,1016,236,0,66
1208,97,-1425,-771,0,60,1016,218,0,32
1209,-206,-1037,-257,0,32,1016,218,0,1
1210,-65,-1244,-257,1016,456,1016,231,0,17
1211,-667,-923,411,0,119,1016,254,0,39
1212,-103,-970,0,0,2,1016,215,0,5
1213,1094,-1860,-1285,1016,53,1016,213,255,153
1214,110,-865,-257,0,376,0,17,0,20
1215,53,-680,0,0,224,0,23,0,17
1216,470,-1027,-771,1016,392,0,68,0,12
1217,208,-840,-514,1016,752,0,114,0,32
1218,-120,-1004,-257,1016,992,0,61,255,242
1219,-206,-962,-257,0,18,0,67,255,246
1220,-324,-1059,-257,1016,880,0,25,255,250
1221,328,-827,-771,1016,408,1016,221,0,43
1222,89,-51,15,94,21,43,152,40,206
1223,-255,-941,-257,0,58,1016,208,0,0
1224,38,-373,0,0,256,1016,202,255,238
1225,43,-1040,0,1016,96,1016,241,0,6
1226,-306,-1585,-257,1016,640,0,5,0,43
1227,-175,-1376,0,0,31,1016,228,0,15
1228,46,-613,0,0,55,0,38,0,4
1229,62,-658,0,1016,624,0,35,255,246
1230,93,-909,-257,1016,200,0,24,255,253
1231,152,-885,-257,1016,712,0,56,0,22
1232,-23,-823,-257,0,40,0,29,255,244
1233,-238,-657,-257,0,33,0,41,255,247
1234,-262,-860,-257,1016,952,0,34,255,232
1235,23,-840,-257,0,55,1016,255,255,238
1236,-281,-829,-257,1016,816,0,20,255,246
1237,-471,13322,3411,528,808,1016,112,252,55
1238,72,-1000,-514,1016,216,1016,200,0,30
1239,-73,-856,-257,0,66,1016,190,255,225
1240,21443,1279,-23644,99,1016,224,0,95,255
1241,-91,-378,0,0,78,1016,204,255,233
1242,19,-694,4,1016,528,1016,237,255,249
1243,611,-1697,-1028,1016,88,1016,240,255,231
1244,333,-1173,-514,0,39,0,12,255,236
1245,282,-905,-257,1016,136,0,31,0,14
1246,220,-1038,-514,1016,80,0,79,0,19
1247,-11,-774,-514,1016,752,0,112,0,22
1248,-198,-907,-514,1016,792,0,47,255,251
1249,-236,-848,-257,0,47,0,53,255,243
1250,-206,-786,-257,0,13,0,20,255,220
1251,-67,-1039,-257,1016,976,0,14,255,209
1252,,,,,,,,,
1253,-257,-1079,-257,1016,872,1016,255,255,243
1254,-244,-1222,-514,1016,720,0,6,255,239
1255,-105,-1119,-257,0,0,1016,254,255,243
1256,23,-851,-257,0,84,1016,184,255,220
1257,156,-420,0,0,120,1016,206,255,237
1258,-78,-286,112,0,20,1016,232,0,2
1259,-172,-648,37,1016,480,1016,241,0,3
1260,-205,-1142,0,1016,824,0,2,0,33
1261,-354,-1425,-257,1016,840,1016,228,0,7
1262,-431,-941,395,0,112,1016,227,0,26
1263,-116,-1226,0,1016,376,0,15,255,236
1264,500,-1557,-514,1016,664,1016,242,255,241
1265,372,-1097,-514,0,17,0,6,255,249
1266,97,-792,-257,1016,568,0,24,0,17
1267,180,-995,-514,1016,184,0,48,0,12
1268,184,-923,-514,1016,560,0,81,0,19
1269,-319,-726,0,0,37,0,44,255,235
1270,-61,-1207,-514,0,7,0,37,255,240
1271,-209,-1123,-257,0,34,0,34,0,0
1272,-277,-1185,-514,1016,960,0,38,255,255
1273,311,-788,-771,1016,328,1016,174,0,2
1274,222,-1667,-771,1016,768,1016,228,0,73
1275,80,-1447,-771,0,82,1016,226,0,42
1276,-58,-1081,-514,0,80,1016,226,0,35
1277,-253,-1077,-514,0,38,1016,225,0,2
1278,-135,-990,-257,0,68,1016,191,255,221
1279,93,-607,-257,0,88,1016,164,255,207
1280,109,-446,0,0,64,1016,189,255,230
1281,49,-228,0,0,118,1016,204,255,240
1282,-146,-788,0,1016,408,1016,239,0,2
1283,-92,-1158,0,1016,512,1016,254,0,18
1284,-190,-1412,-257,1016,808,1016,237,0,19
1285,-343,-1709,-257,1016,768,1016,240,255,233
1286,-265,-1378,255,0,80,1016,236,0,0
1287,296,-1670,-514,0,34,0,19,0,4
1288,244,-579,0,0,103,1016,241,0,12
1289,80,-724,-257,1016,552,0,33,255,254
1290,166,-988,-514,1016,800,0,29,0,4
1291,-202,-775,-257,1016,944,0,51,255,254
1292,-100,-793,-257,1016,896,0,37,255,231
1293,-47,-910,-257,1016,1008,0,25,255,217
1294,-385,-1226,-514,1016,856,0,22,255,248
1295,-142,-1282,-257,1016,984,0,19,255,247
1296,,,,,,,,,
1297,385,-838,-771,1016,528,1016,189,0,31
1298,156,-1760,-771,1016,376,1016,238,0,75
1299,194,-1627,-771,0,22,1016,206,0,29
1300,59,-525,-257,0,112,1016,162,255,211
1301,-10,-132,71,0,84,1016,195,255,232
1302,-117,-471,45,1016,576,1016,219,255,246
1303,-395,-1782,-514,1016,272,1016,239,255,221
1304,-326,-1901,0,1016,880,1016,235,255,228
1305,456,-1303,-257,1016,752,0,17,255,239
1306,710,-1545,-771,1016,312,1016,254,255,221
1307,196,-1665,-771,1016,936,0,57,0,29
1308,135,-574,0,1016,720,0,44,0,0
1309,172,-851,-257,1016,16,0,41,0,5
1310,215,-1153,-514,1016,80,0,48,0,14
1311,190,-1024,-514,1016,576,0,61,0,28
1312,-27,-546,-257,1016,880,0,98,0,17
1313,-174,-926,-514,1016,704,0,58,255,254
1314,-264,-617,0,0,30,0,41,255,236
1315,-146,-869,-257,1016,824,0,39,255,218
1316,-216,-1093,-514,1016,872,0,40,255,218
1317,-213,-1043,-257,1016,848,1016,252,255,236
1318,272,-1078,-514,1016,576,1016,215,0,0
1319,541,-798,-514,1016,736,1016,177,0,21
1320,170,-1426,-771,1016,392,1016,241,0,93
1321,-48,-1131,-514,0,118,1016,217,0,28
1322,-226,-879,-257,0,65,1016,168,255,222
1323,80,-764,-257,0,95,1016,156,255,202
1324,147,-413,0,0,272,1016,179,255,225
1325,20,-36,63,0,128,1016,199,255,241
1326,-115,-819,0,1016,176,1016,222,255,247
1327,-45,-1108,0,1016,520,1016,240,255,255
1328,-176,-1254,0,1016,920,1016,242,0,40
1329,710,-1578,-771,1016,552,0,9,255,210
1330,148,-734,-257,0,54,0,21,255,254
1331,260,-625,0,1016,800,0,17,255,252
1332,150,-1055,-514,1016,120,0,70,0,12
1333,21514,3411,-14906,0,152,984,183,253,30
1334,146,-1083,-514,1016,160,0,84,0,10
1335,-4,-723,-257,0,4,0,89,0,28
1336,-192,-469,-257,0,39,0,82,0,23
1337,-34,-888,-257,1016,904,0,29,255,213
1338,-160,-951,-257,0,18,0,21,255,234
1339,-129,-1117,-514,1016,896,0,0,255,236
1340,73,-1241,-257,1016,872,0,19,255,253
1341,68,-1113,-514,1016,904,0,18,0,11
1342,176,-1820,-1028,1016,116,1016,227,0,49
1343,260,-1806,-1028,0,64,1016,212,0,22
1344,-121,-1115,-257,0,125,1016,223,0,54
1345,-340,-967,-257,0,46,1016,191,255,242
1346,-70,-840,-257,0,75,1016,154,255,203
1347,8,-832,0,1016,280,1016,221,0,1
1348,-120,-1312,0,1016,632,0,14,0,50
1349,-332,-1766,-257,1016,712,1016,248,255,234
1350,116,-921,-257,1016,113,0,52,0,5
1351,84,-1229,-514,1016,40,0,48,0,16
1352,-66,-1040,-514,1016,656,0,44,255,244
1353,-131,-761,-257,1016,856,0,31,255,214
1354,-79,-1137,-514,1016,856,0,28,255,215
1355,-175,-1055,-257,0,38,0,8,255,248
1356,-249,-1166,-257,1016,864,0,18,255,243
1357,-81,-1519,-257,1016,656,0,12,255,237
1358,428,-827,-771,1016,408,1016,202,0,25
1359,147,-1753,-771,1016,768,1016,254,0,85
1360,78,-1405,-771,0,105,1016,215,0,30
1361,-240,-995,-514,0,32,1016,225,255,248
1362,240,-640,-257,0,48,1016,162,255,197
1363,-9,-235,27,0,92,1016,229,0,5
1364,-59,-352,39,1016,944,1016,229,0,9
1365,-157,-1684,-514,1016,560,1016,227,255,221
1366,-665,-797,370,0,93,1016,242,0,27
1367,197,-492,0,0,95,0,54,0,21
1368,31,-403,0,1016,880,0,59,0,38
1369,116,-774,-257,1016,73,0,39,0,24
1370,193,-1241,-771,1016,70,0,49,0,12
1371,129,-1272,-771,1016,592,0,83,0,18
1372,-80,-770,-257,0,37,0,77,0,24
1373,-228,-477,0,0,59,0,70,0,16
1374,65,-803,-257,1016,784,0,41,255,229
1375,-307,-674,-257,0,41,0,60,255,240
1376,-161,-881,-257,1016,904,0,48,255,207
1377,-86,-1055,-257,0,19,0,37,255,213
1378,-259,-965,-257,0,34,0,26,255,242
1379,-313,-1211,-514,1016,816,0,0,255,239
1380,69,-1132,-514,1016,816,1016,226,255,255
1381,,,,,,,,,
1382,228,-1055,-514,0,121,1016,204,0,40
1383,-120,-970,-514,0,68,1016,217,0,36
1384,-139,-912,-514,0,76,1016,181,255,222
1385,199,-556,-257,0,160,1016,178,255,216
1386,104,-361,0,0,200,1016,204,255,231
1387,-191,-826,0,1016,360,1016,248,0,5
1388,-180,-1198,0,1016,464,1016,254,0,4
1389,-146,-1565,-257,1016,984,1016,231,255,240
1390,-389,-1500,264,0,58,0,0,0,5
1391,668,-1901,-1028,1016,80,1016,253,255,200
1392,117,-817,-257,0,144,0,0,0,14
1393,-141,-585,0,0,5,0,37,0,1
1394,-3,-786,-257,1016,216,0,2,255,238
1395,200,-841,-514,1016,592,0,78,0,18
1396,-140,-718,-257,1016,712,0,103,0,7
1397,18,-777,-257,1016,880,0,35,255,227
1398,-151,-889,-257,0,9,0,59,255,242
1399,-146,-1004,-257,0,1,0,41,255,223
1400,42,-847,-257,0,12,0,26,255,227
1401,-571,-1305,-514,1016,992,0,35,0,2
1402,-175,-1279,-257,0,6,1016,255,255,241
1403,44,-1671,-771,1016,568,1016,238,0,80
1404,79,-1622,-771,1016,1008,1016,203,0,15
1405,-153,-909,-257,0,44,1016,198,255,232
1406,-88,-190,43,0,103,1016,219,255,253
1407,-152,-297,21,1016,920,1016,216,255,254
1408,-51,-1165,0,1016,448,1016,249,0,8
1409,199,-722,0,0,100,1016,251,255,255
1410,7434,3411,-14649,0,98,1000,115,255,54
1411,207,-813,-514,1016,392,0,107,0,30
1412,-340,-709,-257,1016,960,0,74,0,9
1413,-219,-944,-514,1016,800,0,49,255,250
1414,-291,-729,0,0,11,0,28,255,224
1415,-63,-973,-257,1016,936,0,23,255,212
1416,-173,-1483,-514,1016,760,1016,255,255,232
1417,14,-1118,-514,0,13,1016,249,255,248
1418,406,-904,-771,1016,408,1016,191,0,41
1419,242,-1619,-771,1016,448,1016,227,0,78
1420,-67,-1118,-257,0,125,1016,223,0,35
1421,-346,-917,-257,0,79,1016,219,0,4
1422,,,,,,,,,
1423,-112,-244,38,1016,744,1016,223,255,255
1424,-110,-1289,0,1016,592,0,20,0,21
1425,-202,-1327,-257,1016,960,1016,255,0,17
1426,412,-1753,-514,1016,584,0,8,255,217
1427,197,-724,-257,0,59,0,7,0,0
1428,100,-956,-514,1016,224,1016,255,255,235
1429,212,-1023,-514,1016,432,0,13,0,1
1430,-276,-733,-257,1016,808,0,94,0,8
1431,-260,-859,-257,0,12,0,34,255,239
1432,-309,-754,-257,0,29,0,22,255,235
1433,-2,-937,-257,1016,992,0,19,255,215
1434,-247,-1069,-514,1016,936,0,33,255,247
1435,-387,-1240,-514,1016,944,0,22,255,247
1436,518,-965,-514,1016,504,1016,162,255,252
1437,419,-1153,-771,1016,624,1016,223,0,70
1438,176,-1686,-771,0,0,1016,234,0,50
1439,38,-1168,-514,0,79,1016,234,0,28
1440,-202,-1020,-257,0,62,1016,238,0,21
1441,-249,-973,-257,0,48,1016,215,255,233
1442,-102,-801,-257,0,102,1016,181,255,221
1443,83,-603,-257,0,122,1016,172,255,211
1444,-65,-244,51,0,46,1016,226,0,0
1445,-115,-975,0,1016,344,1016,248,0,5
1446,-296,-1399,-257,1016,864,1016,236,0,20
1447,-431,-1734,-257,0,21,1016,248,255,231
1448,-423,-1183,96,0,120,1016,237,0,21
1449,203,-961,-257,0,102,0,32,0,15
1450,0,-599,0,1016,864,0,43,0,5
1451,269,-1141,-514,1016,224,0,7,255,238
1452,-52,-616,-257,1016,584,0,123,0,22
1453,-164,-697,-257,0,43,0,31,255,234
1454,-100,-750,-257,0,0,0,24,255,221
1455,-140,-1018,-257,0,51,0,33,255,232
1456,-6,-1013,-257,1016,936,1016,232,0,15
1457,404,-966,-771,1016,232,1016,170,0,18
1458,163,-1765,-771,1016,632,1016,230,0,75
1459,221,-1506,-771,0,52,1016,203,0,22
1460,46,-1025,-514,0,89,1016,217,0,37
1461,-100,-934,-257,0,90,1016,152,255,196
1462,235,-499,-257,0,320,1016,161,255,200
1463,16,-378,33,1016,320,1016,243,0,4
1464,-266,-1713,-257,1016,896,1016,236,255,234
1465,-511,-1646,-257,0,17,1016,255,255,235
1466,-479,-980,287,0,16,1016,229,0,18
1467,96,-1526,0,0,0,1016,191,255,247
1468,611,-1918,-1028,1016,192,1016,251,255,235
1469,403,-1050,-514,0,118,0,25,0,16
1470,256,-1028,-514,1016,384,0,50,0,18
1471,-131,-670,-257,1016,752,0,107,0,17
1472,-142,-922,-514,1016,872,0,43,255,243
1473,-119,-853,-257,0,30,0,41,255,251
1474,-258,-778,-257,0,25,0,47,255,246
1475,-39,-920,-257,0,15,0,34,255,217
1476,-109,-997,-257,0,2,0,37,255,228
1477,-290,-1116,-257,1016,1016,0,18,255,249
1478,-353,-1174,-514,1016,840,0,14,255,247
1479,302,-1064,-514,1016,832,1016,190,255,254
1480,280,-1043,-514,1016,424,1016,217,0,52
1481,205,-1712,-771,1016,328,1016,212,0,59
1482,-286,-1009,-257,0,37,1016,222,0,12
1483,-142,-944,-257,0,39,1016,200,255,233
1484,43,-172,0,0,115,1016,192,255,235
1485,-75,-904,0,1016,152,1016,239,0,8
1486,-68,-1377,0,1016,376,0,0,0,20
1487,-365,-1573,-514,1016,824,1016,232,255,247
1488,231,-1248,-257,1016,800,1016,220,0,0
1489,240,-1225,-771,0,86,0,20,0,21
1490,245,-608,0,0,76,0,25,255,251
1491,140,-569,0,1016,344,0,43,0,13
1492,246,-1016,-514,1016,102,0,46,0,21
1493,-355,-498,-257,0,60,0,102,0,28
1494,-86,-1022,-514,1016,928,0,41,255,232
1495,-202,-909,-257,0,48,0,43,255,243
1496,-222,-728,-257,0,56,0,38,255,236
1497,-40,-891,-257,1016,984,0,31,255,210
1498,-96,-1098,-257,0,5,0,35,255,224
1499,-326,-1015,-257,0,34,0,14,255,249
1500,103,-1117,-514,1016,568,1016,204,0,0
1501,382,-989,-771,1016,456,1016,218,0,40
1502,147,-1304,-514,0,104,1016,228,0,31
1503,-26,-951,-257,0,100,1016,235,0,39
1504,143,-649,-257,0,24,1016,165,255,209
1505,124,-393,0,0,80,1016,202,255,235
1506,35,-191,44,0,77,1016,217,255,248
1507,-95,-721,0,1016,424,1016,246,255,252
1508,439,-1679,-514,1016,376,1016,249,255,232
1509,174,-646,0,0,44,0,24,0,6
1510,240,-1131,-514,1016,480,0,48,0,17
1511,25,-740,-257,1016,1008,0,80,0,31
1512,-143,-493,-257,1016,960,0,80,0,6
1513,-73,-942,-514,1016,952,0,33,255,231
1514,-178,-781,-257,0,8,0,31,255,222
1515,-422,-1281,-514,1016,752,0,21,255,255
1516,-131,-1316,-257,1016,880,0,6,255,240
1517,414,-966,-514,1016,576,1016,169,0,0
1518,274,-1636,-771,1016,488,1016,234,0,76
1519,150,-1520,-771,0,51,1016,221,0,28
1520,-82,-985,-257,0,90,1016,229,0,33
1521,-272,-995,-257,0,26,1016,213,255,230
1522,-77,-819,-257,0,85,1016,174,255,215
1523,156,-281,0,0,95,1016,201,255,234
1524,726,-1816,-1028,1016,184,1016,238,255,197
1525,402,-1442,-771,0,71,0,34,0,18
1526,10,-917,-257,1016,208,0,49,0,3
1527,-32,-580,-257,1016,792,0,102,0,19
1528,-154,-551,-257,1016,752,0,87,0,0
1529,-166,-905,-257,1016,552,0,52,0,0
1530,-138,-1050,-514,1016,720,0,39,255,243
1531,-168,-854,-257,1016,912,0,22,255,212
1532,-181,-1158,-514,1016,1000,0,16,255,251
1533,384,-757,-771,1016,296,1016,164,0,2
1534,304,-1754,-1028,1016,680,1016,227,0,63
1535,-99,-848,-257,0,89,1016,226,0,32
1536,69,-560,-257,0,112,1016,168,255,203
1537,121,-309,0,0,280,1016,178,255,211
1538,80,-95,41,0,42,1016,210,255,247
1539,9,-458,0,1016,344,1016,234,0,3
1540,-71,-1309,0,1016,544,0,9,0,32
1541,214,-572,0,0,392,0,23,0,28
1542,357,-732,-257,1016,928,0,53,0,20
1543,52,-494,-257,1016,872,0,113,0,23
1544,-175,-919,-514,1016,792,0,58,0,7
1545,-207,-1040,-514,1016,936,0,46,255,253
1546,-357,-753,-257,0,37,0,34,255,230
1547,-59,-1088,-257,0,11,0,20,255,243
1548,309,-1785,-1028,1016,848,1016,215,0,46
1549,40,-870,-257,0,122,1016,238,0,52
1550,-159,-938,-257,0,52,1016,191,255,220
1551,18,-330,0,0,104,1016,197,255,235
1552,-29,-409,0,1016,768,1016,217,255,243
1553,-135,-1378,-514,1016,648,1016,225,0,4
1554,-517,-1732,0,1016,1016,1016,253,255,236
1555,-519,-739,549,0,123,1016,224,0,39
1556,341,-1207,-257,1016,136,1016,245,255,237
1557,433,-1821,-1285,1016,16,0,19,255,244
1558,352,-1553,-1028,0,60,1016,233,255,243
1559,343,-1015,-257,0,92,1016,249,255,244
1560,339,-763,-514,1016,108,0,80,0,37
1561,-370,-672,-257,0,42,0,84,0,18
1562,-77,-588,-257,1016,968,0,28,255,250
1563,-218,-754,-257,0,29,0,35,255,213
1564,-78,-827,-257,0,0,0,27,255,197
1565,-347,-1079,-257,0,37,0,27,255,247
1566,-306,-1007,-257,0,8,0,4,255,245
1567,107,-1118,-514,1016,792,1016,230,0,2
1568,486,-655,-771,1016,664,1016,177,0,19
1569,255,-1852,-1285,1016,48,1016,229,0,64
1570,-130,-1351,0,1016,632,1016,252,0,14
1571,-170,-1079,0,0,30,1016,218,0,12
1572,103,-884,-257,0,84,0,19,0,1
1573,351,-1085,-514,1016,192,0,55,0,16
1574,346,-1060,-514,1016,352,0,73,0,24
1575,-208,-603,-257,1016,936,0,110,0,23
1576,-43,-937,-514,1016,968,0,49,255,245
1577,-61,-931,-257,0,1,0,19,255,213
1578,3,-1022,-257,0,15,0,13,255,221
1579,133,-1881,-1028,1016,336,1016,233,0,57
1580,85,-1587,-771,0,99,1016,214,0,23
1581,6,-804,-257,0,71,1016,153,255,195
1582,209,-683,-257,0,119,1016,162,255,199
1583,281,-458,-257,0,96,1016,174,255,207
1584,-201,-1389,-257,1016,424,0,30,0,30
1585,-406,-1644,-514,1016,856,1016,250,255,236
1586,-364,-1517,-257,0,52,1016,243,255,237
1587,-501,-1046,548,0,80,0,0,0,14
1588,-28917,3411,-13364,1008,1,992,142,1,31
1589,519,-1840,-1028,1016,126,1016,252,255,233
1590,270,-1405,-514,0,34,0,7,255,252
1591,54,-736,0,0,71,0,9,0,4
1592,261,-672,-257,1016,144,0,19,0,2
1593,278,-833,-257,1016,102,0,29,0,1
1594,-180,-657,-257,0,12,0,78,0,16
1595,-150,-579,-257,0,23,0,69,0,9
1596,-31,-884,-257,1016,1000,0,48,255,243
1597,-263,-809,-257,0,27,0,59,255,247
1598,-41,-1022,-514,0,23,0,27,255,212
1599,-175,-959,-257,0,33,0,18,255,229
1600,-211,-1092,-257,0,0,0,5,255,238
1601,-158,-1292,-257,1016,848,0,8,255,243
1602,399,-920,-771,1016,144,1016,164,0,0
1603,-197,-1013,-514,0,74,1016,225,0,29
1604,50,-372,0,0,352,1016,196,255,230
1605,-64,-223,104,1016,1008,1016,232,0,3
1606,-251,-1191,0,1016,512,0,6,0,17
1607,-354,-1293,0,1016,920,1016,237,0,26
1608,-332,-1636,370,0,45,1016,233,255,254
1609,39,-1171,-257,0,75,1016,214,0,6
1610,125,-1137,-514,1016,112,0,29,0,5
1611,266,-924,-514,1016,744,0,35,0,12
1612,160,-611,-257,1016,712,0,94,0,18
1613,-54,-927,-514,1016,960,0,53,255,255
1614,-267,-799,-257,0,56,0,62,0,4
1615,27,-1140,-257,0,17,0,14,255,210
1616,-24,-1045,-257,0,13,1016,243,255,249
1617,-131,-869,-257,0,51,1016,195,255,216
1618,-207,-290,111,1016,968,1016,224,255,252
1619,-139,-1083,11,1016,384,1016,237,0,7
1620,-184,-1607,385,0,34,1016,213,255,233
1621,565,-1502,-514,1016,384,0,5,255,218
1622,398,-849,-257,0,48,0,22,0,1
1623,260,-892,-257,1016,600,0,35,0,8
1624,-124,-592,-257,1016,856,0,70,0,8
1625,-100,-920,-257,1016,648,0,46,0,1
1626,-72,-1044,-514,1016,808,0,44,255,244
1627,-359,-767,-257,0,60,0,66,255,251
1628,-228,-1430,-514,1016,832,0,7,255,242
1629,143,-1361,-771,0,76,1016,210,0,25
1630,-39,-934,-257,0,77,1016,185,255,201
1631,143,-752,-257,0,120,1016,179,255,210
1632,182,-457,0,0,296,1016,189,255,224
1633,-94,-684,1,1016,672,1016,252,0,10
1634,-104,-784,13,1016,672,1016,252,0,10
1635,-501,-1540,-257,1016,840,1016,244,255,243
1636,-395,-1847,0,1016,928,1016,226,255,226
1637,80,-820,-257,1016,127,1016,247,255,249
1638,335,-1044,-514,1016,312,0,11,255,246
1639,454,-953,-514,1016,536,0,50,0,0
1640,-202,-841,-257,1016,664,0,68,0,12
1641,-262,-707,-257,0,10,0,30,255,223
1642,-201,-777,-257,1016,888,0,27,255,214
1643,4,-1004,-257,1016,960,0,17,255,206
1644,-175,-1327,-514,1016,952,0,22,255,239
1645,11530,3411,-12850,1016,89,976,189,254,61
1646,-114,-1066,-257,0,12,0,9,0,2
1647,-88,-1020,-514,1016,784,1016,252,0,14
1648,-263,-930,-257,0,28,1016,197,255,246
1649,56,-357,0,0,121,1016,208,255,241
1650,7,-279,30,0,109,1016,212,255,245
1651,-277,-1567,-257,1016,664,1016,250,0,21
1652,-464,-1650,-257,1016,1000,1016,239,255,238
1653,84,-1259,0,1016,864,1016,204,255,253
1654,520,-1958,-1028,1016,232,0,4,255,240
1655,200,-507,0,0,93,0,34,0,15
1656,141,-719,-257,0,4,0,97,0,29
1657,-95,-419,-257,1016,992,0,114,0,19
1658,-228,-614,-257,1016,512,0,98,0,1
1659,-275,-731,-257,0,58,0,42,255,244
1660,-316,-729,0,0,20,0,38,255,228
1661,-39,-892,-257,0,4,0,20,255,207
1662,-251,-1079,-514,1016,960,0,18,255,249
1663,-47,-1373,-257,1016,912,0,27,255,249
1664,-146,-1152,-257,0,115,1016,234,0,44
1665,-211,-785,-257,0,14,1016,174,255,226
1666,118,-682,-257,0,108,1016,164,255,212
1667,-128,-847,11,1016,272,1016,238,255,229
1668,39,-1131,0,1016,288,1016,236,255,233
1669,-204,-1641,-514,1016,656,1016,230,255,253
1670,-492,-1574,126,0,80,0,18,0,12
1671,-305,-882,154,0,8,1016,254,0,27
1672,194,-545,0,0,79,0,15,0,10
1673,274,-1188,-514,1016,94,0,41,0,12
1674,276,-893,-514,1016,792,0,99,0,22
1675,-275,-688,-257,1016,712,0,84,0,15
1676,-154,-802,-257,1016,824,0,54,255,247
1677,-325,-642,0,0,39,0,55,255,237
1678,-51,-1064,-514,0,0,0,33,255,218
1679,-394,-986,-257,0,43,0,18,255,247
1680,154,-1281,-514,1016,672,1016,248,0,0
1681,560,-927,-514,1016,856,1016,166,0,25
1682,60,-1416,-514,0,121,1016,230,0,55
1683,-325,-1103,-257,0,84,1016,228,0,56
1684,64,-107,0,0,216,1016,209,255,212
1685,-97,-640,150,1016,122,1016,241,0,15
1686,-188,-1509,0,0,124,1016,220,0,28
1687,174,-1594,-514,1016,720,0,22,255,211
1688,380,-1153,-257,0,48,1016,247,255,251
1689,247,-858,-257,0,11,0,23,255,229
1690,115,-774,-257,1016,896,0,41,255,247
1691,219,-745,-257,1016,600,0,81,0,32
1692,-136,-600,-257,1016,800,0,121,0,33
1693,-102,-815,-257,1016,944,0,16,255,196
1694,227,-1067,-514,0,12,0,11,255,216
1695,106,-1021,-514,1016,608,1016,216,0,4
1696,457,-1268,-771,1016,608,1016,234,0,58
1697,243,-1571,-771,0,1,0,1,0,90
1698,-123,-896,-257,0,99,1016,145,255,207
1699,0,-169,52,0,27,1016,242,255,244
1700,-84,-374,86,1016,560,1016,249,0,1
1701,-434,-1970,-514,1016,704,1016,247,255,227
1702,416,-1668,-771,1016,808,0,16,255,216
1703,19,-356,0,1016,584,0,39,0,22
1704,316,-496,-257,1016,968,0,115,0,25
1705,-320,-972,-514,1016,592,0,78,0,13
1706,-326,-648,0,0,45,0,65,255,248
1707,-74,-1023,-514,1016,688,0,30,255,210
1708,33,-1338,-257,1016,808,0,12,255,248
1709,48,-1050,-514,1016,808,1016,215,0,21
1710,419,-808,-771,1016,121,1016,154,0,15
1711,-87,-1074,-257,0,272,1016,222,0,53
1712,-175,-979,-257,0,65,1016,176,255,209
1713,-117,-864,-257,0,99,1016,163,255,209
1714,-52,-222,88,1016,784,1016,236,255,250
1715,-160,-1243,0,1016,416,1016,249,0,29
1716,11786,3411,-12336,1016,84,976,231,254,254
1717,165,-635,0,0,83,0,14,0,27
1718,308,-884,-257,1016,976,0,18,255,253
1719,148,-706,-257,1016,288,0,96,0,26
1720,-161,-762,-257,1016,472,0,106,0,32
1721,-188,-840,-514,1016,760,0,55,255,249
1722,-136,-787,-257,0,10,0,19,255,207
1723,-289,-1319,-514,1016,920,0,18,0,7
1724,-239,-1221,-514,0,6,0,22,255,254
1725,95,-986,-514,1016,952,1016,238,255,253
1726,152,-680,-514,1016,480,1016,209,0,33
1727,245,-1886,-1285,1016,744,1016,215,0,19
1728,22,13,84,0,115,1016,205,255,248
1729,-19,24,131,0,51,1016,215,0,0
1730,6,-1325,0,1016,264,1016,237,255,247
1731,-267,-1573,-257,1016,936,1016,248,0,23
1732,-365,-1572,0,0,7,1016,235,255,248
1733,-213,-1594,54,0,55,1016,233,0,5
1734,-37,-929,-257,1016,584,0,47,255,254
1735,19,-842,-257,1016,656,0,15,0,0
1736,207,-905,-257,1016,376,0,25,0,10
1737,-34,-708,-257,1016,672,0,91,0,27
1738,-157,-596,-257,1016,1016,0,79,0,13
1739,-156,-695,-257,1016,808,0,62,255,253
1740,-97,-975,-514,1016,664,0,46,255,238
1741,-192,-1011,-514,0,3,0,57,255,242
1742,-242,-805,-257,0,4,0,25,255,220
1743,-209,-1133,-514,1016,792,0,16,255,241
1744,-194,-1235,-514,1016,720,0,19,255,244
1745,45,-1327,-257,0,2,0,42,255,252
1746,-12,-1110,-257,0,2,1016,251,0,27
1747,153,-1426,-771,1016,8,1016,220,0,65
1748,-235,-840,-257,0,127,1016,207,0,31
1749,-183,-869,-257,0,16,1016,185,255,231
1750,82,-852,-257,0,80,1016,164,255,212
1751,-56,-159,72,0,10,1016,201,255,237
1752,-36,-612,16,1016,368,1016,227,255,244
1753,-166,-1300,-257,1016,456,1016,253,0,43
1754,187,-626,0,0,152,0,39,0,15
1755,97,-503,-257,0,8,0,103,0,24
1756,-254,-970,-514,0,16,0,59,255,250
1757,-369,-781,0,0,47,0,57,255,247
1758,-176,-629,-257,0,43,0,24,255,226
1759,-264,-1171,-257,0,50,0,49,0,20
1760,448,-751,-514,1016,720,1016,168,255,252
1761,174,-1762,-1028,1016,121,1016,253,0,96
1762,114,-1900,-1028,1016,256,0,0,0,82
1763,-22,-1484,-771,0,124,1016,234,0,32
1764,145,-544,-257,0,168,1016,192,255,226
1765,-9,-294,0,0,224,1016,214,255,241
1766,-128,-947,7,1016,472,1016,252,0,9
1767,-251,-1297,0,1016,720,1016,240,0,22
1768,664,-1461,-514,1016,328,1016,213,255,185
1769,36,-1016,-257,0,200,0,39,0,36
1770,-198,-491,0,0,14,0,10,255,255
1771,308,-1067,-514,1016,48,0,4,255,254
1772,349,-931,-514,1016,568,0,76,0,20
1773,-108,-678,-257,1016,1016,0,104,0,29
1774,-89,-891,-257,0,4,0,66,255,248
1775,64,-1192,-514,1016,928,1016,212,255,232
1776,276,-999,-771,1016,336,1016,182,0,2
1777,477,-965,-771,1016,336,1016,178,0,13
1778,-168,-1038,-257,0,42,1016,231,255,246
1779,-239,-973,-257,0,62,1016,206,255,211
1780,-156,-743,-257,0,8,1016,170,255,201
1781,212,-341,0,0,120,1016,167,255,214
1782,156,-181,13,0,88,1016,214,255,253
1783,-141,-758,0,1016,416,1016,255,0,31
1784,-278,-1667,-514,1016,616,0,6,0,13
1785,-482,-1652,-257,0,26,0,0,255,232
1786,-431,-1213,247,0,98,1016,238,255,234
1787,271,-713,0,0,108,0,27,0,12
1788,-64,-570,0,1016,832,0,45,0,8
1789,46,-947,-257,1016,116,0,24,0,4
1790,205,-894,-514,1016,936,0,80,0,31
1791,-125,-455,-257,0,7,0,91,0,27
1792,-151,-574,-257,1016,696,0,66,0,2
1793,-342,-755,-257,0,52,0,49,255,232
1794,-79,-667,-257,0,12,0,19,255,200
1795,70,-959,-514,1016,856,0,26,255,201
1796,-210,-1062,-514,0,16,0,36,255,239
1797,-98,-1039,-257,0,23,0,13,255,245
1798,338,-1030,-514,1016,480,1016,211,0,49
1799,81,-1521,-771,0,68,1016,227,0,40
1800,-419,-1031,0,1016,944,1016,255,0,31
1801,176,-744,0,0,115,0,18,255,246
1802,276,-1218,-771,1016,75,0,70,0,17
1803,-247,-516,-257,1016,992,0,70,255,254
1804,-221,-955,-514,1016,528,0,44,255,226
1805,-272,-748,0,0,68,0,25,255,228
1806,-66,-883,-257,1016,904,0,20,255,204
1807,-179,-1027,-257,0,1,0,12,255,220
1808,-120,-1170,-257,0,2,1016,255,255,243
1809,-156,-1169,-257,1016,928,0,14,255,247
1810,-70,-1049,-257,1016,984,0,15,255,250
1811,455,-981,-771,1016,312,1016,204,0,49
1812,423,-1801,-1028,1016,352,1016,227,0,88
1813,-53,-920,-514,0,50,1016,149,255,187
1814,28,-872,-514,0,72,1016,151,255,182
1815,156,-588,-257,0,224,1016,161,255,214
1816,-70,-174,92,0,0,1016,215,255,254
1817,-48,-1120,0,1016,288,0,0,0,26
1818,-98,-1258,-257,1016,832,1016,232,0,6
1819,387,-1906,-771,1016,448,0,21,255,228
1820,189,-1135,-514,0,81,0,37,0,15
1821,184,-538,0,0,123,0,3,0,6
1822,240,-882,-257,1016,664,0,56,0,22
1823,-169,-690,-257,1016,992,0,18,255,222
1824,-133,-1028,-257,1016,960,0,32,255,224
1825,327,-1009,-771,1016,312,1016,229,0,78
1826,-212,-833,-257,0,37,1016,157,255,217
1827,-13,-1019,0,1016,116,1016,250,0,6
1828,-348,-1138,732,0,88,1016,254,0,4
1829,303,-1726,-771,1016,123,0,72,255,250
1830,203,-843,-257,1016,368,0,29,255,251
1831,240,-937,-514,1016,304,0,33,0,13
1832,45,-867,-514,1016,528,0,89,0,19
1833,-184,-891,-257,0,30,0,63,255,248
1834,-43,-1038,-514,0,7,0,30,255,216
1835,-198,-1043,-257,0,28,0,17,255,239
1836,411,-726,-514,1016,568,1016,186,0,23
1837,276,-1592,-771,1016,112,1016,249,0,92
1838,-285,-945,-257,0,104,1016,227,0,45
1839,150,-431,-257,0,280,1016,187,255,217
1840,65,-191,0,0,208,1016,206,255,229
1841,-55,-69,165,0,15,1016,229,0,4
1842,-132,-1411,-257,1016,96,0,9,0,29
1843,-415,-1792,-514,1016,744,1016,239,255,240
1844,-476,-1607,0,0,57,1016,241,255,236
1845,-450,-948,357,0,56,1016,234,0,22
1846,274,-919,-257,0,104,0,2,0,11
1847,149,-708,-257,1016,912,0,95,0,32
1848,-131,-535,-257,1016,712,0,110,0,18
1849,-211,-918,-257,1016,520,0,68,0,9
1850,-48,-845,-257,0,19,0,46,255,245
1851,-117,-781,-257,0,36,0,61,255,248
1852,-258,-586,0,0,25,0,50,255,230
1853,-146,-935,-257,1016,824,0,41,255,216
1854,-291,-1073,-257,0,45,0,15,255,249
1855,72,-1053,-514,1016,280,1016,204,0,3
1856,455,-1077,-771,1016,424,1016,209,0,33
1857,149,-1744,-771,0,1,1016,252,0,83
1858,-8,-1175,-514,0,90,1016,226,0,34
1859,-344,-1121,-257,0,15,1016,223,0,1
1860,10297,2573,21459,73,1016,88,252,146,254
1861,-4,-667,-257,0,126,1016,141,255,194
1862,,,,,,,,,
1863,-87,-407,43,1016,512,1016,236,0,9
1864,-48,-856,0,1016,280,1016,244,0,13
1865,490,-1849,-1028,1016,504,1016,247,255,227
1866,83,-731,0,0,10,0,44,0,8
1867,91,-852,-257,1016,400,0,21,255,254
1868,-202,-892,-257,1016,640,0,53,0,3
1869,-118,-950,-514,1016,904,0,39,255,235
1870,-104,-904,-257,0,20,0,39,255,211
1871,-353,-969,-514,1016,960,0,37,255,236
1872,-365,-1292,-514,1016,928,0,15,255,252
1873,3,-1070,-257,0,23,1016,244,255,247
1874,56,-1667,-771,0,31,1016,250,0,62
1875,-432,-1047,-257,0,11,1016,217,255,244
1876,-73,-950,2,1016,272,1016,248,0,10
1877,-217,-1375,-257,1016,584,1016,218,0,16
1878,740,-1735,-771,1016,232,1016,226,255,191
1879,171,-1307,-514,0,109,0,42,0,40
1880,217,-606,0,0,126,0,2,0,5
1881,319,-972,-514,1016,872,0,66,0,34
1882,-5877,3411,-11308,1,14,992,170,253,251
1883,-58,-562,-257,1016,848,0,112,0,31
1884,-178,-910,-257,1016,640,0,45,255,248
1885,-108,-946,-514,1016,840,0,39,255,233
1886,-301,-691,0,0,38,0,35,255,221
1887,-430,18,17,1016,1000,3,5,2,111
1888,-120,-1164,-514,1016,976,0,25,0,1
1889,306,-1765,-1028,1016,592,1016,242,0,79
1890,-251,-944,-257,0,43,1016,200,255,224
1891,104,-794,-257,0,110,1016,173,255,215
1892,121,-589,-257,0,64,1016,183,255,226
1893,-56,-191,20,0,35,1016,212,255,248
1894,-46,-559,0,1016,440,1016,228,0,0
1895,-223,-1267,0,1016,552,1016,251,0,31
1896,-292,-1759,6,0,42,1016,246,255,250
1897,-347,-1139,0,0,33,1016,230,0,1
1898,27,-816,-257,1016,88,0,13,0,0
1899,326,-1060,-514,1016,536,0,19,0,6
1900,91,-679,-257,1016,864,0,111,0,29
1901,-304,-737,0,0,26,0,62,255,235
1902,-140,-861,-257,1016,992,0,41,255,211
1903,-33,-1045,-514,0,26,0,35,255,221
1904,-344,-1042,-257,0,11,0,28,0,0
1905,-145,-1404,-257,1016,840,0,15,255,250
1906,440,-1287,-1028,1016,216,1016,229,0,66
1907,-217,-913,-257,0,73,1016,234,0,41
1908,176,-312,0,0,304,1016,183,255,203
1909,-82,-284,0,1016,600,1016,228,0,0
1910,-494,-1736,-514,0,16,1016,231,255,235
1911,-76,-1304,-257,1016,504,1016,250,255,255
1912,39,-506,0,0,109,0,21,0,4
1913,104,-465,0,1016,376,0,10,255,232
1914,-242,-543,-257,1016,840,0,78,0,8
1915,-45,-1040,-257,1016,984,0,16,255,211
1916,79,-1345,-257,1016,864,1016,254,255,238
1917,255,-1052,-771,1016,200,1016,194,0,10
1918,400,-1480,-771,1016,584,1016,237,0,56
1919,131,-1567,-514,0,82,1016,232,0,40
1920,-251,-947,-257,0,12,1016,223,0,6
1921,-198,-987,-514,0,55,1016,175,255,217
1922,54,-178,68,0,121,1016,236,255,255
1923,-107,-622,0,1016,488,1016,248,255,252
1924,-174,-929,0,1016,456,0,5,0,3
1925,-448,-1093,5,0,72,1016,223,0,40
1926,-5,-583,0,0,65,0,40,255,250
1927,162,-998,-514,1016,736,0,92,0,28
1928,-167,-651,-257,1016,1016,0,98,0,23
1929,-14,-1008,-514,1016,800,0,25,255,235
1930,-161,-960,-514,1016,848,0,36,255,214
1931,-386,-1015,-257,0,15,0,25,255,240
1932,-384,-1341,-514,1016,792,0,21,255,243
1933,78,-1331,-514,0,100,1016,223,0,34
1934,-130,-942,-257,0,104,1016,225,0,38
1935,-4,-866,-257,0,81,1016,152,255,212
1936,-6,-182,39,0,56,1016,225,255,240
1937,-99,-795,38,1016,208,1016,244,255,253
1938,-96,-1393,0,1016,384,0,13,0,24
1939,-201,-1447,-257,1016,528,0,13,0,35
1940,-436,-1626,-514,1016,920,1016,243,255,239
1941,-435,-1309,326,0,100,1016,254,0,27
1942,481,-1533,-514,1016,728,1016,247,255,242
1943,283,-880,-257,1016,24,0,25,0,15
1944,289,-1038,-514,1016,160,0,77,0,27
1945,-7,-848,-514,1016,680,0,108,0,33
1946,-25,-918,-514,0,7,0,31,255,229
1947,-113,-848,-257,0,31,0,44,255,239
1948,-229,-706,-257,0,29,0,36,255,219
1949,-142,-1006,-257,0,16,0,18,255,216
1950,474,-922,-514,1016,224,1016,164,0,16
1951,-406,-913,-257,0,56,1016,196,255,249
1952,96,-913,-257,0,68,1016,141,255,180
1953,-72,-105,95,0,49,1016,241,255,251
1954,-464,-1443,276,0,106,0,28,0,22
1955,60,-1340,0,1016,744,1016,251,255,245
1956,211,-986,-257,1016,109,0,31,0,16
1957,-39,39,1,68,37,72,175,35,69
1958,-80,-937,-514,1016,800,0,33,255,245
1959,-188,-790,-257,0,30,0,55,255,239
1960,-136,-1061,-514,0,2,0,32,255,219
1961,-92,-887,-257,0,48,0,22,255,226
1962,-222,-948,-257,1016,920,0,11,255,245
1963,-109,-1076,-257,0,37,0,11,0,9
1964,382,-1437,-514,0,20,0,0,0,84
1965,-43,-1256,-514,0,58,1016,241,0,44
1966,27914,3411,-10537,1016,56,984,95,254,40
1967,-285,-1169,-257,0,23,1016,204,255,228
1968,24,-405,0,0,94,1016,192,255,232
1969,45,-1071,0,1016,504,0,2,0,24
1970,-768,-866,624,0,496,0,5,0,26
1971,155,-730,0,0,104,0,12,255,246
1972,454,-566,-257,1016,160,0,33,0,14
1973,-402,-555,0,0,49,0,73,0,15
1974,-134,-756,-257,1016,784,0,33,255,241
1975,-81,-989,-257,1016,1016,0,42,255,238
1976,-275,-808,-257,0,49,0,46,255,238
1977,-261,-989,-257,0,41,0,9,255,244
1978,-128,-1206,-514,1016,752,0,5,255,235
1979,-127,-1107,-514,1016,792,0,6,0,13
1980,447,-1114,-771,1016,456,1016,232,0,62
1981,378,-1396,-771,1016,416,1016,247,0,82
1982,-68,-1064,-257,0,40,1016,219,0,41
1983,-404,-897,-257,0,57,1016,217,0,13
1984,-71,-956,-257,0,53,1016,149,255,200
1985,186,-790,-257,0,112,1016,160,255,216
1986,1,-173,75,0,82,1016,222,255,251
1987,-61,-347,28,1016,624,1016,227,255,253
1988,-388,-1739,-514,1016,560,1016,255,255,228
1989,126,-357,0,0,73,0,11,255,244
1990,266,-1182,-514,1016,85,0,46,0,10
1991,171,-1117,-514,1016,528,0,81,0,28
1992,-146,-644,-257,0,20,0,102,0,29
1993,-139,-963,-514,1016,576,0,48,255,247
1994,-253,-841,-257,1016,1008,0,28,255,217
1995,-94,-936,-257,0,6,0,23,255,207
1996,-21,-938,-257,0,15,0,16,255,214
1997,-180,-1202,-514,1016,936,0,10,255,241
1998,-40,-1137,-514,1016,448,1016,223,0,5
1999,346,-1049,-771,1016,232,1016,162,0,3
2000,489,-1128,-771,1016,752,1016,203,0,33
2001,301,-1557,-771,0,12,1016,249,0,72
2002,154,-527,-257,0,208,1016,170,255,220
2003,-14,-179,47,0,53,1016,219,255,255
2004,-75,-386,1,1016,640,1016,230,0,0
2005,7,-1206,0,1016,392,1016,253,0,10
2006,-274,-1662,-514,1016,712,0,1,0,4
2007,739,-1715,-771,1016,97,1016,225,255,191
2008,287,-1546,-771,1016,912,0,43,0,17
2009,274,-1283,-771,1016,536,0,82,0,29
2010,-162,-643,-257,0,28,0,95,0,35
2011,-291,-463,0,1016,1008,0,76,0,4
2012,-198,-861,-257,1016,400,0,44,255,250
2013,-239,-1006,-514,0,7,0,17,255,226
2014,-129,-1084,-257,0,8,1016,242,255,234
2015,232,-1418,-771,0,83,1016,231,0,51
2016,-53,-996,-257,0,32,1016,245,0,63
2017,-11509,3411,-10280,1016,84,992,70,254,137
2018,-344,-977,-257,0,48,1016,241,0,27
2019,-298,-1088,-257,0,25,1016,208,255,234
2020,-117,-962,-257,0,91,1016,180,255,220
2021,21,-673,-257,0,16,1016,171,255,215
2022,-109,-835,0,1016,392,1016,237,0,6
2023,-120,-1222,-257,1016,408,1016,235,0,18
2024,-154,-1898,-514,1016,336,1016,238,255,212
2025,-370,-1409,239,0,128,0,8,0,17
2026,388,-1670,-771,1016,116,1016,252,255,208
2027,311,-1443,-514,0,10,0,42,0,5
2028,75,-807,-257,1016,488,0,93,0,9
2029,-165,-772,-257,1016,824,0,81,0,12
2030,-351,-754,-257,0,20,0,38,255,228
2031,-126,-894,-257,1016,848,0,29,255,208
2032,9,-902,-257,0,6,0,25,255,216
2033,-110,-1121,-514,1016,984,0,17,255,255
2034,338,-945,-514,1016,632,1016,189,0,2
2035,365,-955,-771,1016,568,1016,220,0,57
2036,151,-1763,-1028,1016,880,1016,251,0,57
2037,26,-970,-257,0,71,1016,170,255,203
2038,165,-722,-257,0,120,1016,177,255,220
2039,81,-469,0,0,208,1016,201,255,239
2040,-114,-1292,-257,1016,640,1016,251,0,32
2041,-394,-1686,-514,1016,568,0,0,255,220
2042,26378,3411,-10023,1008,168,968,59,253,71
2043,-441,-1102,47,0,91,1016,232,0,20
2044,246,-1314,-514,0,119,0,22,0,14
2045,89,-683,-257,1016,472,0,12,255,239
2046,259,-1074,-514,1016,496,0,18,0,2
2047,-139,-681,-257,1016,640,0,94,0,16
2048,-187,-850,-257,0,20,0,43,255,250
2049,-239,-889,-257,1016,984,0,30,255,225
2050,-304,-1152,-514,1016,800,0,8,255,248
2051,-25,-924,-257,0,35,1016,247,255,253
2052,-18,-1102,-514,1016,432,1016,227,0,9
2053,445,-988,-771,1016,528,1016,170,0,14
2054,-197,-1178,-257,0,83,1016,234,0,37
2055,-345,-1076,-257,0,36,1016,207,255,238
2056,-51,-326,25,1016,864,1016,223,255,234
2057,-78,-705,34,1016,512,1016,250,255,246
2058,79,-1125,0,1016,464,0,1,0,16
2059,-489,-1798,-514,0,26,0,11,255,252
2060,-615,-882,374,0,320,0,3,0,38
2061,315,-1182,-514,0,120,1016,246,255,249
2062,335,-1166,-771,1016,136,0,69,0,19
2063,89,-981,-514,1016,608,0,100,0,36
2064,-173,-879,-257,1016,1016,0,46,255,240
2065,-316,-792,-257,0,20,0,46,255,236
2066,-203,-844,-257,0,2,0,29,255,217
2067,-249,-1062,-257,0,5,0,2,255,241
2068,-280,-1149,-514,1016,888,0,4,255,245
2069,-71,-1094,-514,1016,960,1016,255,255,251
2070,472,-805,-514,1016,816,1016,221,0,49
2071,257,-1452,-771,1016,464,1016,252,0,95
2072,-1398,-730,67,1016,920,0,45,51,152
2073,-343,-981,-257,0,35,1016,190,255,229
2074,132,-856,-257,0,98,1016,162,255,201
2075,159,-648,-257,0,16,1016,179,255,210
2076,21,-263,0,0,96,1016,215,255,238
2077,-72,-207,62,1016,880,1016,220,255,250
2078,-23,-719,0,1016,360,1016,237,255,249
2079,-58,-1302,-257,1016,472,0,13,0,31
2080,-391,-1695,-514,1016,872,1016,254,255,234
2081,310,-1869,-1028,1016,776,0,23,255,249
2082,248,-992,-257,0,123,1016,243,255,247
2083,151,-516,0,0,111,1016,252,255,255
2084,1315,28170,3411,712,184,0,34,252,215
2085,-103,-965,-514,1016,672,0,39,255,238
2086,30730,3411,-9766,1016,496,992,55,253,175
2087,-59,-929,-514,0,3,0,42,255,240
2088,-235,-856,-257,0,14,0,44,255,244
2089,-12,-1002,-257,0,9,0,22,255,217
2090,-152,-1193,-514,1016,896,0,2,255,244
2091,92,-1734,-1028,1016,584,1016,245,0,45
2092,-134,-1042,-257,0,72,1016,226,0,44
2093,-404,-916,-257,0,87,1016,225,0,21
2094,140,-820,-257,0,106,1016,174,255,218
2095,35,-503,0,0,120,1016,203,255,234
2096,-22,-263,0,0,110,1016,215,255,239
2097,-106,-1359,-257,1016,528,1016,242,0,25
2098,-589,-923,197,0,208,0,3,0,37
2099,-90,-1094,0,0,25,1016,252,0,12
2100,505,-1963,-1028,1016,109,0,26,255,210
2101,223,-830,-257,0,376,1016,248,0,8
2102,213,-670,-257,1016,24,0,15,255,243
2103,344,-1194,-771,1016,176,0,47,0,5
2104,-227,-554,-257,1016,848,0,94,0,19
2105,-152,-932,-514,1016,792,0,44,255,248
2106,-323,-907,-257,0,35,0,38,255,250
2107,-132,-1131,-514,1016,936,1016,255,255,243
2108,-178,-1154,-514,1016,1008,0,13,255,249
2109,-225,-907,-257,0,144,1016,199,0,30
2110,74,-901,-257,0,52,1016,162,255,210
2111,157,-864,-257,0,67,1016,165,255,208
2112,231,-579,-257,0,114,1016,189,255,220
2113,28,-326,0,0,128,1016,227,255,239
2114,-101,-249,96,1016,672,1016,232,255,254
2115,-467,-1779,-514,1016,600,1016,251,255,227
2116,-376,-1577,-257,0,69,1016,233,255,237
2117,527,-1841,-771,1016,112,1016,253,255,225
2118,248,-1684,-771,0,16,0,37,0,4
2119,266,-881,-257,0,109,1016,255,255,244
2120,-6,-773,-257,1016,936,0,100,0,34
2121,-198,-516,-257,1016,880,0,83,0,7
2122,-176,-844,-257,0,28,0,49,255,242
2123,-102,-785,-257,1016,992,0,31,255,216
2124,-155,-1241,-257,1016,992,0,30,0,3
2125,273,-757,-514,1016,696,1016,190,0,8
2126,200,-1787,-1028,1016,272,1016,248,0,78
2127,107,-1626,-771,0,98,1016,230,0,39
2128,-154,-801,-257,0,123,1016,223,0,45
2129,-320,-906,-257,0,23,1016,221,0,0
2130,165,-792,-257,0,125,1016,174,255,222
2131,102,-463,-257,0,240,1016,187,255,231
2132,66,-1334,-257,1016,728,1016,248,0,4
2133,-488,-1194,265,0,109,1016,251,0,18
2134,222,-1656,-514,1016,264,0,7,255,248
2135,207,-1570,-771,0,8,0,14,255,241
2136,214,-1354,-771,1016,144,0,52,0,17
2137,-230,-761,-257,1016,568,0,47,0,6
2138,-88,-1064,-514,1016,608,0,38,255,237
2139,-91,-1025,-514,0,10,0,41,255,248
2140,-59,-868,-257,0,4,0,8,255,213
2141,-240,-1129,-257,1016,792,1016,251,0,16
2142,319,-1034,-514,1016,488,1016,175,0,26
2143,225,-1271,-514,0,88,1016,217,0,27
2144,-143,-750,-257,0,49,1016,147,255,217
2145,-46,-740,-257,0,37,1016,147,255,214
2146,153,-820,-257,0,29,1016,160,255,213
2147,98,-738,-257,0,68,1016,184,255,222
2148,3,-548,0,0,74,1016,201,255,238
2149,-10,-561,0,0,25,1016,213,255,238
2150,32,-667,0,1016,888,1016,225,255,239
2151,-8,-1161,0,1016,704,0,23,0,13
2152,-260,-1331,-257,1016,576,0,6,255,254
2153,-572,-1158,89,0,88,0,0,0,26
2154,-604,-860,245,0,102,0,0,0,42
2155,574,-1837,-1028,1016,184,1016,244,255,218
2156,9031,2573,21467,128,0,216,252,52,253
2157,-196,-621,-257,0,27,0,89,0,18
2158,-151,-936,-257,1016,880,0,32,255,248
2159,-158,-1007,-257,1016,968,0,30,255,247
2160,-326,-952,-257,0,17,0,29,255,251
2161,-246,-852,-257,0,3,0,9,255,226
2162,-125,-864,-257,1016,1008,0,15,255,218
2163,-83,-866,-257,0,1,0,18,255,233
2164,-219,-1123,-514,1016,984,0,12,255,253
2165,-220,-1099,-514,1016,1008,0,15,255,250
