1,-996,-245,0,1016,904,1016,255,0,6
2,-988,-253,0,1016,912,1016,254,0,5
3,-1118,-262,0,1016,904,1016,249,0,7
4,-1151,-277,0,1016,944,1016,253,0,10
5,-1042,-213,0,0,23,1016,254,0,2
6,-928,-255,0,1016,896,0,0,255,252
7,-944,-162,0,0,0,0,3,255,253
8,-934,-170,0,0,0,0,3,255,252
9,-965,-220,0,1016,1008,0,7,255,248
10,13,2,0,5,9,13,186,0,120
11,-923,-161,0,0,14,0,1,255,249
12,-933,-143,0,0,16,0,1,255,249
13,-967,-122,0,0,15,0,2,255,249
14,-1023,-150,0,0,1,0,4,255,247
15,-1108,-215,0,0,0,0,8,255,245
16,-1121,-242,0,0,2,0,6,255,246
17,-1126,-137,14,0,14,1016,252,0,2
18,-925,-286,-257,1016,720,1016,238,0,0
19,-790,-468,-257,1016,752,1016,243,0,3
20,-876,-507,-257,0,0,1016,254,0,6
21,-936,-361,0,0,6,0,8,255,255
22,-842,-193,0,0,18,0,10,0,0
23,-874,-212,0,0,7,0,8,0,0
24,-879,-240,22,0,4,0,1,0,0
25,-1196,-180,0,1016,1000,1016,239,0,0
26,-946,-155,0,0,5,1016,254,255,251
27,-924,-184,0,1016,960,1016,253,255,250
28,-826,-165,0,0,6,0,5,255,248
29,-828,-150,0,0,2,0,4,255,249
30,-855,-206,0,0,9,0,11,255,248
31,-1118,-104,64,0,1,0,2,255,248
32,-1138,-207,44,1016,904,1016,254,255,245
33,-1059,-251,0,1016,952,1016,249,255,245
34,-886,-292,0,1016,768,1016,231,255,250
35,-940,-522,-257,0,14,0,14,0,5
36,-907,-328,0,1016,1000,0,5,0,2
37,-789,-175,0,0,5,0,5,0,0
38,-896,-228,0,1016,968,1016,255,0,2
39,-1033,-291,0,1016,904,1016,255,0,4
40,-1127,-431,0,1016,936,0,3,0,2
41,-1117,-458,0,0,23,0,8,0,3
42,-913,-145,-257,0,3,0,4,255,250
43,-977,-146,-257,1016,888,0,1,255,253
44,-1013,-217,-257,1016,816,1016,254,255,253
45,-770,-133,0,0,17,0,8,255,248
46,-823,-168,0,0,14,0,16,255,246
47,-1122,-102,13,0,16,0,11,255,247
48,-1227,-86,34,0,4,0,9,255,246
49,-1301,-218,4,1016,888,0,0,255,243
50,-1284,-314,0,1016,984,1016,241,255,243
51,-1250,-394,0,0,13,1016,238,0,1
52,-864,-340,0,1016,920,1016,231,255,254
53,-797,-624,-514,1016,808,1016,240,0,0
54,-1104,-258,0,0,39,0,12,0,8
55,-736,-228,0,0,0,0,8,0,0
56,-727,-229,0,0,0,0,6,0,1
57,-936,-294,0,1016,904,0,3,255,255
58,-895,-314,0,1016,1016,0,0,0,0
59,-945,-219,0,0,0,1016,254,0,7
60,-1055,-344,0,1016,904,1016,255,0,7
61,-1192,-496,0,0,23,0,5,0,2
62,-1500,-81,0,0,38,1016,241,0,28
63,-1129,-148,0,1016,1008,1016,230,0,6
64,-970,-142,0,0,0,1016,254,255,252
65,-915,-147,0,1016,1000,1016,253,255,249
66,-854,-217,0,1016,944,0,0,255,248
67,-812,-239,0,1016,944,0,1,255,247
68,-782,-172,0,0,6,0,12,255,246
69,-1053,-147,0,0,7,0,8,255,247
70,-1250,-302,0,1016,968,1016,243,255,243
71,-819,-619,-257,1016,848,1016,247,255,252
72,-1052,-313,0,0,19,0,5,0,5
73,-1024,-307,0,0,12,0,3,0,4
74,-780,-249,0,0,1,0,8,0,3
75,-805,-207,0,1016,992,0,9,255,255
76,-859,-262,0,1016,904,0,5,255,254
77,-1008,-290,0,1016,864,0,0,0,4
78,-1080,-359,0,1016,880,0,1,0,4
79,-1214,-95,0,0,17,1016,248,0,12
80,-977,-214,-257,1016,920,0,0,255,248
81,-825,-144,0,0,12,0,10,255,249
82,-833,-176,0,0,4,0,9,255,251
83,-937,-180,0,0,10,0,9,255,252
84,-966,-178,0,0,8,0,3,255,251
85,-975,-198,0,0,8,0,0,255,249
86,-1170,-222,0,1016,952,0,1,255,244
87,-1156,-285,0,1016,952,1016,249,255,242
88,-882,-270,0,0,4,1016,228,255,253
89,-710,-406,-257,1016,944,1016,248,0,2
90,-1013,-346,0,1016,960,0,6,0,4
91,-820,-249,0,1016,1008,0,4,0,0
92,-783,-196,0,1016,1008,0,4,0,0
93,-865,-274,0,1016,936,0,6,255,254
94,-889,-292,15,1016,952,0,4,255,254
95,-1058,-333,0,1016,936,1016,255,0,3
96,-1158,-453,0,1016,1016,0,1,0,0
97,-1182,-326,0,0,32,0,0,0,4
98,-1438,-193,0,0,24,1016,237,0,20
99,-856,-198,-257,1016,848,1016,251,255,247
100,-930,-215,0,1016,928,0,3,255,251
101,-821,-237,0,0,13,0,9,255,250
102,-799,-154,0,0,18,0,12,255,250
103,-810,-176,0,0,10,0,13,255,252
104,-918,-174,0,0,15,0,15,255,247
105,-1360,-409,0,0,2,1016,235,255,247
106,-1037,-280,0,0,16,0,0,0,5
107,-873,-306,0,1016,976,1016,255,0,0
108,-795,-301,0,1016,984,0,2,0,0
109,-786,-225,0,1016,1000,0,3,255,254
110,-829,-256,0,1016,960,0,6,255,252
111,-898,-254,0,1016,968,0,0,0,2
112,-953,-273,0,1016,960,1016,255,0,4
113,-1124,-348,20,0,19,0,7,0,4
114,-1342,-145,0,0,26,1016,254,0,17
115,-1001,-222,0,1016,920,1016,242,0,0
116,-921,-154,0,1016,1000,0,2,255,249
117,-942,-172,0,1016,912,1016,253,255,248
118,-934,-295,0,1016,936,0,4,255,248
119,-797,-139,0,0,13,0,11,255,248
120,-847,-115,0,0,8,0,8,255,252
121,-919,-162,0,0,8,0,11,255,251
122,-980,-135,0,0,5,0,4,255,249
123,-1194,-210,0,1016,928,0,4,255,245
124,-1183,-301,0,1016,936,1016,249,255,243
125,-1308,-316,5,0,33,1016,253,0,4
126,-957,-237,0,1016,896,1016,229,255,252
127,-828,-618,-257,1016,1008,0,1,0,4
128,-816,-277,0,0,8,0,7,0,0
129,-786,-197,0,0,13,0,5,0,0
130,-762,-157,0,0,4,0,4,255,255
131,-868,-255,7,1016,936,0,4,255,253
132,-896,-269,40,1016,944,0,1,255,255
133,-982,-268,0,1016,864,0,0,0,4
134,-1395,-222,0,0,44,1016,251,0,9
135,-1025,-248,0,1016,1008,1016,243,255,250
136,-847,-230,0,0,0,1016,250,255,244
137,-880,-314,0,1016,992,0,0,255,248
138,-802,-174,0,0,10,0,8,255,255
139,-956,-200,0,0,11,0,11,255,251
140,-975,-210,0,0,13,0,10,255,249
141,-1007,-165,2,0,20,0,9,255,249
142,-1204,-227,22,1016,984,0,0,255,246
143,-1177,-281,0,1016,1016,1016,246,255,246
144,-863,-357,0,1016,912,1016,227,255,247
145,-755,-531,-257,1016,928,1016,252,255,252
146,-783,-256,0,0,1,0,10,255,255
147,-781,-254,0,0,0,0,10,255,255
148,-927,-261,21,1016,912,0,7,0,0
149,-1139,-452,0,1016,792,0,2,0,3
150,-1433,-260,0,1016,944,1016,238,0,21
151,-1175,-354,0,1016,832,1016,241,0,3
152,-859,-87,0,1016,1000,1016,255,255,248
153,-904,-127,0,1016,872,0,0,255,253
154,-817,-238,0,0,12,0,8,255,250
155,-830,-150,0,0,13,0,11,0,0
156,-908,-167,0,0,9,0,13,255,255
157,-979,-213,0,0,4,0,2,255,249
158,-1154,-280,0,0,5,1016,254,255,245
159,-1336,-338,0,0,7,1016,243,255,247
160,-1147,-287,0,0,26,1016,238,0,1
161,-842,-266,0,1016,960,1016,230,255,253
162,-1032,-272,0,0,0,0,3,0,2
163,-954,-321,0,1016,960,0,2,0,0
164,-869,-336,0,0,0,0,5,255,255
165,-790,-173,0,0,4,0,7,255,255
166,-822,-207,7,1016,984,0,7,255,254
167,-840,-265,17,1016,984,0,3,0,0
168,-867,-212,0,1016,984,0,1,0,4
169,-1152,-429,0,1016,928,0,2,0,3
170,-1259,-209,0,0,20,1016,236,0,4
171,-990,-79,0,0,19,0,0,255,250
172,-915,-300,-257,1016,840,0,1,255,248
173,-871,-273,0,1016,984,0,4,255,248
174,21421,-9475,-13107,83,1016,84,0,16,0
175,21421,-9219,-16448,104,1016,103,0,18,0
176,21421,-7683,-25443,95,1016,40,0,9,0
177,21421,-4099,13823,93,1016,880,0,11,0
178,21421,-3332,-10537,98,0,6,0,7,0
179,-1213,-189,50,0,0,0,6,255,247
180,21421,-1284,22783,36,0,9,255,249,255
181,-1295,-398,0,0,11,1016,248,0,0
182,-1031,-305,0,1016,1008,1016,239,255,252
183,-778,-417,-257,1016,808,1016,237,255,251
184,-807,-489,-257,1016,1016,0,2,0,3
185,-953,-357,0,0,18,0,8,0,6
186,-1037,-330,0,0,2,0,4,0,4
187,-810,-229,0,0,7,0,7,0,1
188,-799,-200,0,1016,976,0,6,0,0
189,-870,-250,0,1016,928,0,3,0,0
190,-902,-154,0,1016,896,0,0,0,5
191,-983,-214,0,1016,800,1016,255,0,5
192,-1155,-397,0,1016,784,0,1,0,4
193,-1415,-258,0,0,19,0,1,0,5
194,-1540,-231,0,0,3,1016,238,0,20
195,-879,-120,-257,1016,888,1016,247,255,244
196,-809,-178,0,0,4,0,7,0,0
197,-870,-195,0,0,6,0,10,255,255
198,-955,-222,0,0,13,0,11,255,254
199,-1012,-131,0,0,16,0,6,255,250
200,-1157,-223,0,1016,952,1016,253,255,246
201,-946,-281,0,0,13,1016,238,255,253
202,-762,-305,-257,1016,984,1016,227,255,250
203,-906,-331,0,0,1,0,1,0,4
204,-792,-190,0,0,7,0,8,0,0
205,-837,-225,0,0,3,0,8,255,255
206,-900,-190,26,0,5,0,1,0,0
207,-1220,-401,0,0,6,0,2,0,1
208,-1332,-336,0,0,13,0,0,0,2
209,-923,-175,-257,1016,776,1016,254,255,247
210,-915,-272,0,1016,936,0,2,255,249
211,-830,-211,0,1016,1016,0,4,255,248
212,-842,-142,0,0,8,0,7,255,249
213,-839,-133,0,0,7,0,7,255,249
214,-991,-159,0,0,11,0,3,255,249
215,-1143,-156,37,1016,992,0,1,255,247
216,-1132,-202,12,1016,976,0,0,255,245
217,-1326,-494,0,1016,904,1016,237,255,247
218,-1232,-403,0,0,14,1016,252,0,0
219,-882,-350,-257,1016,1008,1016,242,255,251
220,-931,-471,-257,0,11,0,0,0,3
221,-1030,-303,0,0,10,0,1,0,4
222,-768,-202,0,0,4,0,8,0,0
223,-932,-286,0,1016,920,0,5,255,252
224,-928,-204,0,1016,952,1016,255,0,4
225,-1063,-353,0,1016,864,0,0,0,4
226,-1421,-265,0,0,18,0,3,0,5
227,-1443,-197,17,0,11,1016,251,0,21
228,-963,-51,0,1016,984,1016,253,255,250
229,-971,-179,-257,1016,712,1016,254,255,252
230,-988,-222,-257,1016,696,1016,255,255,251
231,-1002,-354,-257,1016,752,0,0,255,248
232,-806,-220,0,0,14,0,7,255,247
233,-764,-123,0,0,20,0,9,255,246
234,-999,-174,0,0,6,0,0,255,248
235,-1145,-143,44,1016,1016,0,1,255,247
236,-1238,-302,0,0,20,1016,246,0,0
237,-837,-397,-257,1016,856,1016,235,255,250
238,-953,-369,0,0,28,0,15,0,4
239,-1003,-287,0,0,24,0,11,0,4
240,-956,-327,0,0,8,0,9,0,2
241,-818,-269,0,0,13,0,12,0,1
242,-902,-258,26,0,1,0,4,0,0
243,-892,-223,9,0,1,0,1,0,2
244,-990,-223,0,1016,936,1016,251,255,249
245,-996,-167,0,1016,968,0,0,255,251
246,-900,-258,0,1016,904,0,0,255,246
247,-966,-187,0,0,7,0,7,255,248
248,-972,-206,0,0,5,0,3,255,248
249,-1047,-148,10,0,1,0,6,255,246
250,-1155,-231,0,1016,944,0,7,255,244
251,-1332,-424,0,0,25,1016,248,0,5
252,-1023,-270,0,0,1,1016,238,255,255
253,-785,-559,-257,1016,824,1016,254,0,2
254,-1007,-350,0,0,10,0,10,0,5
255,-784,-184,0,0,7,0,11,255,254
256,-852,-226,0,1016,984,0,7,255,253
257,-934,-134,0,1016,944,1016,232,0,5
258,-995,-260,0,1016,976,0,3,255,251
259,-926,-233,0,1016,960,0,0,255,249
260,-785,-189,0,0,15,0,11,255,247
261,-904,-143,0,0,17,0,17,255,247
262,-979,-149,0,0,14,0,14,255,246
263,-1002,-169,0,0,12,0,12,255,246
264,-1114,-140,30,0,2,0,10,255,244
265,-1173,-179,6,1016,984,0,5,255,243
266,-1367,-501,0,0,3,1016,241,0,4
267,-1038,-372,0,1016,984,1016,233,255,254
268,-814,-569,-257,1016,1016,0,4,255,255
269,-1009,-317,0,0,7,0,7,0,3
270,-924,-314,0,0,2,0,3,0,1
271,-769,-219,0,0,7,0,8,255,253
272,-856,-257,0,0,0,0,5,255,252
273,-950,-270,0,1016,968,1016,254,0,5
274,-1000,-129,0,1016,984,1016,247,0,0
275,-938,-138,-257,1016,896,1016,254,255,247
276,-1002,-246,0,1016,920,1016,255,255,249
277,-805,-183,0,0,7,0,10,255,251
278,-950,-156,0,0,9,0,7,255,249
279,-945,-160,0,0,7,0,6,255,249
280,-956,-187,0,0,5,0,4,255,248
281,-1158,-184,0,0,0,0,4,255,247
282,-813,-381,-257,1016,856,1016,229,255,255
283,-813,-587,-257,1016,968,0,0,0,4
284,-1021,-392,0,0,23,0,14,0,8
285,-995,-368,0,0,5,0,8,0,4
286,-880,-286,0,0,14,0,12,0,3
287,-840,-231,0,1016,992,0,7,255,254
288,-912,-238,0,1016,936,1016,252,0,4
289,-1005,-318,0,1016,904,1016,252,0,4
290,-1131,-428,0,1016,984,0,1,0,4
291,-1573,-206,0,0,25,1016,235,0,16
292,-868,-199,0,1016,936,0,0,255,249
293,-822,-236,0,1016,936,0,3,255,247
294,-821,-204,0,0,19,0,13,255,247
295,-828,-148,0,0,19,0,13,255,248
296,-869,-135,0,0,15,0,14,255,250
297,-928,-165,0,0,10,0,13,255,250
298,-981,-190,0,0,10,0,12,255,249
299,-985,-168,0,0,13,0,8,255,246
300,-1211,-252,0,1016,976,1016,242,255,247
301,-810,-403,-257,1016,888,1016,234,255,251
302,-803,-471,-257,1016,872,1016,240,255,251
303,-1041,-320,0,0,14,0,6,0,1
304,-986,-316,0,0,1,0,2,255,254
305,-898,-312,0,1016,1016,0,3,255,254
306,-790,-212,0,0,4,0,6,255,254
307,-780,-174,0,1016,1016,0,7,255,253
308,-875,-249,0,1016,936,0,0,0,0
309,-1060,-366,0,1016,880,0,0,0,4
310,-1492,-225,0,0,17,1016,245,0,19
311,-982,-275,0,1016,888,1016,252,255,248
312,-918,-292,0,1016,952,1016,254,255,248
313,-838,-258,0,0,0,0,0,255,248
314,-781,-174,0,0,13,0,8,255,250
315,-786,-164,0,0,6,0,8,255,252
316,-809,-207,0,0,3,0,10,255,253
317,-964,-182,0,0,12,0,13,255,249
318,-1156,-246,0,1016,912,0,2,255,243
319,-1147,-273,0,1016,904,0,0,255,243
320,-1392,-662,0,0,5,1016,228,0,0
321,-1151,-263,0,0,43,1016,245,0,2
322,-766,-491,-257,1016,960,0,0,255,254
323,-960,-310,0,0,22,0,16,0,2
324,-1000,-310,0,0,8,0,10,0,0
325,-871,-291,0,0,1,0,7,0,0
326,-810,-244,0,0,0,0,7,255,255
327,-775,-211,0,1016,1008,0,7,255,255
328,-839,-237,0,1016,880,0,6,255,254
329,-875,-279,0,1016,872,0,1,0,0
330,-970,-268,0,1016,848,1016,254,0,7
331,-1075,-397,0,1016,816,1016,253,0,7
332,-1132,-500,0,1016,976,0,1,0,6
333,-1203,-414,0,0,11,0,4,0,5
334,-1306,-171,0,0,7,1016,237,0,14
335,-757,-250,0,1016,1016,0,2,255,248
336,-814,-158,0,0,6,0,9,255,252
337,-829,-186,0,0,4,0,11,255,251
338,,,,,,,,,
339,-950,-153,0,0,15,0,13,255,248
340,-1137,-165,0,0,6,0,7,255,246
341,-1213,-226,0,1016,992,0,2,255,245
342,-1359,-515,0,1016,1008,1016,233,255,248
343,-1262,-349,0,0,30,1016,244,0,5
344,-773,-489,-257,1016,912,1016,249,255,253
345,-976,-392,0,0,25,0,15,0,3
346,-820,-271,0,0,11,0,11,0,1
347,-814,-215,0,1016,992,0,8,255,254
348,-1023,-322,0,1016,840,1016,255,0,5
349,-1167,-495,0,1016,928,0,3,0,5
350,-1548,-261,0,0,27,1016,244,0,19
351,-1401,-207,0,0,21,1016,245,0,21
352,-983,-123,0,0,1,1016,247,0,0
353,-987,-271,0,1016,872,0,0,255,251
354,-779,-195,0,0,4,0,7,255,249
355,-784,-184,0,0,9,0,10,255,249
356,-838,-191,0,0,7,0,12,255,252
357,-975,-141,0,0,11,0,8,255,247
358,-1109,-96,38,0,2,0,4,255,246
359,-1387,-593,0,1016,872,1016,226,255,247
360,-949,-365,0,0,0,1016,232,255,252
361,-770,-475,-257,1016,880,1016,235,255,251
362,-752,-162,0,0,5,0,10,255,255
363,-1066,-326,0,1016,840,1016,254,0,5
364,-1542,-213,0,0,29,1016,253,0,20
365,-942,-180,-257,1016,888,1016,247,255,246
366,-1004,-220,0,1016,936,0,0,255,251
367,-986,-231,0,1016,864,1016,252,255,247
368,-789,-234,0,0,0,0,1,255,247
369,-766,-212,0,0,2,0,5,255,248
370,-776,-155,0,0,7,0,7,255,250
371,-799,-161,0,0,2,0,6,255,251
372,-831,-197,0,0,1,0,9,255,252
373,-903,-184,0,0,7,0,11,255,251
374,-967,-180,0,0,4,0,3,255,246
375,-1073,-121,11,0,9,0,8,255,246
376,-1418,-586,0,1016,1000,1016,225,255,246
377,-976,-304,0,0,22,0,8,0,5
378,-842,-253,0,0,20,0,9,0,4
379,-740,-237,0,0,12,0,10,0,4
380,-711,-242,0,0,15,0,14,0,3
381,-743,-202,0,0,18,0,15,0,2
382,-933,-278,0,1016,976,0,6,255,255
383,-1024,-241,0,1016,976,1016,253,0,5
384,-1085,-297,0,1016,936,1016,253,0,5
385,-1171,-402,0,0,10,0,5,0,2
386,-1246,-140,0,1016,960,1016,235,0,8
387,-984,-68,0,1016,896,1016,242,255,253
388,-959,-115,-257,1016,792,1016,254,255,244
389,-1035,-322,-257,1016,784,0,0,255,245
390,-961,-309,0,1016,896,1016,253,255,245
391,-791,-224,0,0,0,0,0,255,244
392,-755,-125,0,0,5,0,5,255,246
393,-765,-135,0,0,0,0,4,255,247
394,-894,-165,0,0,1,0,9,255,248
395,-1125,-192,0,1016,992,0,3,255,242
396,-1249,-276,0,1016,992,0,0,255,241
397,-1136,-346,0,0,20,1016,239,0,2
398,-817,-359,0,1016,936,1016,238,255,252
399,-771,-517,-257,1016,896,1016,255,255,254
400,-1002,-358,0,0,27,0,15,0,5
401,-979,-337,0,0,7,0,8,0,4
402,-765,-195,0,0,5,0,9,0,1
403,-801,-190,0,1016,936,0,10,255,255
404,-894,-289,0,1016,856,0,5,255,254
405,-897,-306,0,1016,864,0,4,255,255
406,-936,-253,0,1016,912,1016,254,0,7
407,-1123,-461,0,1016,968,0,2,0,7
408,-1583,-217,0,0,18,1016,244,0,25
409,-1125,-223,0,1016,1000,1016,233,0,9
410,-996,-235,0,1016,864,1016,250,255,252
411,-800,-221,0,0,0,1016,255,255,250
412,-838,-111,0,0,8,0,6,255,250
413,-837,-119,0,0,6,0,6,255,249
414,-856,-151,0,0,7,0,9,255,247
415,-923,-154,0,0,13,0,10,255,245
416,-1062,-162,0,0,10,0,7,255,243
417,-1396,-517,0,0,9,1016,234,0,2
418,-883,-366,0,1016,976,1016,235,255,251
419,-848,-512,-257,1016,952,0,0,255,254
420,-946,-354,0,1016,992,0,7,0,2
421,-812,-282,0,1016,1016,0,8,0,4
422,-786,-238,0,0,0,0,7,0,4
423,-785,-223,0,1016,992,0,9,0,2
424,-910,-244,0,1016,984,0,2,0,2
425,-972,-251,0,1016,992,0,0,0,6
426,-974,-86,-257,1016,872,1016,248,0,0
427,-840,-157,0,0,11,0,5,255,249
428,-827,-175,0,0,6,0,6,255,248
429,-779,-151,0,0,13,0,8,255,248
430,-811,-149,0,0,17,0,12,255,249
431,-902,-114,0,0,20,0,14,255,249
432,-989,-120,8,0,5,0,6,255,246
433,-1183,-213,0,1016,944,0,4,255,244
434,-1255,-423,0,0,28,1016,247,0,9
435,-900,-605,-257,1016,944,1016,252,0,3
436,-949,-585,-257,0,5,0,2,0,5
437,-960,-304,0,0,9,0,2,0,2
438,-770,-180,0,1016,976,0,6,255,254
439,-809,-260,0,1016,920,0,6,255,253
440,-837,-303,0,1016,944,0,5,255,253
441,-1028,-284,0,1016,904,1016,253,0,7
442,-1188,-406,0,0,13,0,6,0,3
443,-1562,-263,0,0,23,1016,251,0,17
444,-955,-40,0,1016,1000,0,0,255,246
445,-935,-210,-257,1016,880,0,3,255,248
446,-903,-292,0,1016,976,0,4,255,248
447,-823,-238,0,0,6,0,6,255,247
448,-790,-103,0,0,9,0,7,255,248
449,-1201,-243,0,1016,920,1016,250,255,242
450,-1151,-328,0,0,20,1016,243,0,0
451,-853,-448,-257,1016,896,1016,233,255,248
452,-906,-427,0,0,22,0,10,0,3
453,-963,-311,0,0,22,0,10,0,3
454,-817,-279,0,0,3,0,8,0,3
455,-823,-201,0,1016,1016,0,8,0,0
456,-844,-215,0,1016,1000,0,8,0,0
457,-895,-207,0,1016,992,0,0,0,3
458,-1524,-155,0,0,34,1016,250,0,16
459,-995,-83,-257,1016,944,1016,255,255,250
460,-1018,-190,-257,1016,912,0,0,255,249
461,-765,-120,0,0,11,0,4,255,247
462,-1171,-211,11,1016,984,0,7,255,244
463,-1068,-205,0,0,15,1016,236,0,0
464,-763,-326,-257,1016,880,1016,233,255,253
465,-821,-585,-257,1016,888,0,1,0,1
466,-993,-469,0,0,25,0,20,0,6
467,-1052,-313,0,0,8,0,9,0,3
468,-956,-321,0,0,6,0,9,0,2
469,-800,-225,0,0,8,0,9,0,3
470,-771,-170,0,0,4,0,9,0,0
471,-777,-167,0,1016,1000,0,9,255,254
472,-894,-292,0,1016,944,0,2,255,253
473,-1082,-312,0,1016,840,1016,254,0,5
474,-1145,-472,0,1016,976,0,4,0,4
475,-1559,-151,0,0,9,1016,244,0,25
476,-1010,-272,-257,1016,968,0,0,255,248
477,-984,-201,0,1016,984,1016,253,255,246
478,-814,-237,0,0,0,0,0,255,245
479,-774,-194,0,0,7,0,2,255,247
480,-799,-149,0,0,7,0,4,255,249
481,-995,-202,0,1016,1016,0,6,255,244
482,-1430,-369,0,1016,904,1016,237,255,243
483,-1386,-720,0,0,15,1016,240,0,0
484,-1092,-380,0,0,48,1016,251,255,252
485,-794,-334,0,0,15,1016,242,255,244
486,-777,-401,-257,0,7,1016,254,255,251
487,-898,-361,0,0,18,0,8,0,3
488,-817,-292,0,0,3,0,4,0,1
489,-768,-269,0,0,5,0,7,0,0
490,-771,-257,0,0,5,0,8,0,0
491,-795,-239,0,0,1,0,8,255,254
492,-864,-260,16,1016,1016,0,7,255,255
493,-896,-277,22,1016,1008,0,3,0,0
494,-1003,-258,0,1016,920,1016,254,0,5
495,-1135,-423,36,0,16,0,5,0,2
496,-1040,-428,-257,1016,856,0,1,255,251
497,-987,-249,0,0,2,0,1,255,253
498,-890,-228,0,1016,1008,0,1,255,251
499,-823,-142,0,0,5,0,5,255,250
500,-808,-177,0,0,0,0,6,255,249
501,-1258,-313,0,0,0,0,0,255,241
502,-1341,-579,0,0,8,1016,229,0,1
503,-840,-251,0,1016,960,1016,237,255,255
504,-787,-444,-257,1016,792,1016,245,255,254
505,-975,-528,0,0,14,0,11,0,6
506,-1017,-349,0,0,21,0,7,0,6
507,-960,-333,0,0,11,0,7,0,4
508,-860,-279,0,0,11,0,9,0,4
509,-802,-233,0,0,6,0,11,0,3
510,-792,-209,0,0,6,0,10,0,2
511,-1104,-318,0,1016,872,1016,253,0,9
512,-1203,-499,0,0,2,0,2,0,1
513,-1408,-207,0,0,22,1016,247,0,17
514,-962,-70,0,0,1,0,6,255,245
515,-995,-166,-257,1016,856,1016,254,255,240
516,-1017,-276,-257,1016,864,1016,255,255,248
517,-954,-179,0,1016,952,1016,255,255,248
518,-849,-249,0,1016,928,0,0,255,247
519,-765,-228,0,1016,1000,0,5,255,246
520,-791,-162,0,0,11,0,6,255,249
521,-848,-170,0,0,3,0,7,255,249
522,-949,-121,0,0,9,0,7,255,248
523,-961,-118,0,0,8,0,6,255,248
524,-1153,-167,10,0,0,0,0,255,246
525,-1209,-210,14,1016,976,1016,255,255,245
526,-1356,-617,0,0,8,1016,241,0,2
527,-975,-313,0,0,22,1016,239,255,254
528,-875,-501,-257,0,11,0,8,0,3
529,-1020,-375,0,0,23,0,12,0,5
530,-996,-347,0,0,7,0,3,0,2
531,-850,-265,32,0,0,0,3,255,253
532,-868,-186,14,0,0,1016,255,0,2
533,-1086,-328,0,1016,832,0,0,0,4
534,-1378,-324,0,0,20,0,10,0,6
535,-1508,-193,0,0,17,1016,253,0,24
536,-1031,-99,-257,1016,936,1016,251,255,253
537,-1026,-277,0,1016,1008,0,1,255,247
538,-884,-338,0,1016,952,1016,254,255,244
539,-772,-241,0,0,8,0,2,255,246
540,-752,-170,0,0,5,0,4,255,250
541,-987,-140,0,0,1,0,4,255,250
542,-1033,-183,0,1016,1000,0,1,255,246
543,-1154,-236,0,1016,968,0,1,255,248
544,-980,-277,0,0,19,1016,236,255,253
545,-963,-393,0,0,22,0,18,0,4
546,-1007,-367,0,0,10,0,12,0,4
547,-953,-376,0,0,9,0,11,0,2
548,-886,-264,0,1016,968,0,1,0,0
549,-1046,-346,0,1016,896,1016,252,0,5
550,-1136,-432,0,1016,936,1016,254,0,6
551,-1155,-467,0,0,12,0,1,0,5
552,-959,-110,0,1016,976,1016,242,0,2
553,-950,-296,-257,1016,760,1016,255,255,248
554,-1020,-300,0,1016,992,0,3,255,251
555,-811,-207,0,0,9,0,9,255,248
556,-816,-164,0,0,13,0,9,255,249
557,-808,-165,0,0,10,0,9,255,248
558,-873,-176,0,0,10,0,13,255,249
559,-892,-171,0,0,11,0,14,255,249
560,-952,-130,0,0,9,0,11,255,247
561,-990,-175,0,0,3,0,5,255,246
562,-1031,-159,0,0,9,0,4,255,246
563,-1121,-160,15,0,0,0,4,255,245
564,-1190,-207,0,1016,960,0,3,255,243
565,-1208,-305,0,1016,888,1016,251,255,240
566,-1027,-362,0,0,2,1016,232,255,250
567,-720,-468,-257,1016,888,1016,236,255,245
568,-744,-597,-257,1016,944,1016,255,255,250
569,-881,-503,-257,0,25,0,13,0,4
570,-935,-290,0,0,13,0,11,0,4
571,-781,-270,0,0,5,0,9,0,4
572,-755,-189,0,0,16,0,14,0,5
573,-787,-176,0,0,6,0,12,0,3
574,-876,-270,0,1016,960,0,10,0,1
575,-931,-224,0,0,4,0,1,0,4
576,-986,-244,0,1016,1008,1016,255,0,8
577,-1121,-390,0,1016,960,1016,255,0,8
578,-1170,-447,0,0,18,0,5,0,5
579,-1126,-154,0,0,0,1016,236,0,4
580,-916,-187,-257,1016,832,1016,254,255,247
581,-1013,-212,-257,1016,896,0,0,255,248
582,-815,-126,0,0,6,0,5,255,246
583,-796,-147,0,0,2,0,7,255,249
584,-870,-125,0,0,4,0,14,255,246
585,-1002,-197,0,0,0,0,6,255,245
586,-1186,-139,23,0,0,0,2,255,247
587,-1195,-378,0,0,37,1016,234,0,4
588,-929,-448,0,0,25,0,16,0,5
589,-1046,-280,0,0,26,0,15,0,6
590,-1011,-313,0,0,4,0,7,0,3
591,-794,-258,0,0,3,0,11,0,2
592,-760,-222,0,0,7,0,11,0,1
593,-766,-159,0,0,3,0,10,0,0
594,-805,-214,0,1016,928,0,8,0,0
595,-867,-269,16,1016,968,0,3,0,0
596,-989,-228,0,1016,928,1016,254,0,9
597,-1121,-388,0,1016,880,1016,255,0,7
598,-1165,-490,0,0,1,0,1,0,3
599,-1506,-151,0,0,35,1016,250,0,22
600,-1212,-97,0,0,1,1016,235,0,4
601,-1035,-144,0,1016,1000,1016,253,255,252
602,-964,-124,0,1016,920,1016,251,255,248
603,-996,-186,0,1016,896,1016,255,255,251
604,-984,-233,0,1016,848,1016,253,255,247
605,-793,-133,0,0,9,0,8,255,247
606,-805,-123,0,0,5,0,7,255,247
607,-832,-167,0,0,1,0,9,255,249
608,-924,-157,0,0,10,0,13,255,245
609,-992,-113,20,0,15,0,5,255,248
610,-1233,-228,2,1016,848,0,1,255,242
611,-1005,-236,0,0,3,1016,239,255,251
612,-726,-454,-257,1016,792,1016,249,255,249
613,-816,-552,-257,1016,928,0,4,255,255
614,-1025,-316,0,0,22,0,16,0,5
615,-1064,-310,0,0,2,0,11,0,3
616,-977,-300,0,1016,1016,0,7,0,1
617,-840,-322,0,1016,1008,0,9,0,2
618,-812,-265,0,0,8,0,12,0,1
619,-787,-170,0,0,3,0,8,0,0
620,-853,-262,2,1016,920,0,0,255,255
621,-860,-206,0,1016,952,1016,254,0,1
622,-1067,-363,0,1016,832,1016,253,0,5
623,-1161,-387,0,0,22,0,2,0,4
624,-1548,-220,0,0,16,1016,232,0,26
625,-1107,-115,0,0,2,1016,234,0,6
626,-978,-44,0,1016,984,0,0,255,249
627,-926,-167,-257,1016,800,1016,253,255,244
628,-934,-236,-257,1016,848,0,2,255,247
629,-955,-235,0,1016,896,0,0,255,247
630,-765,-255,0,1016,1000,0,6,255,244
631,-814,-213,0,0,10,0,10,255,247
632,-962,-176,0,0,7,0,12,255,251
633,-1009,-179,0,0,6,0,11,255,249
634,-982,-177,0,0,5,0,5,255,246
635,-990,-177,0,0,0,0,7,255,244
636,-1154,-281,0,1016,1008,0,3,255,245
637,-1171,-311,0,0,2,1016,247,255,250
638,-1437,-519,0,0,4,1016,225,0,1
639,-1061,-264,0,0,23,1016,233,0,7
640,-703,-360,-257,1016,792,1016,247,255,255
641,-966,-357,0,0,2,0,7,0,2
642,-902,-271,0,0,7,0,8,0,1
643,-812,-215,0,1016,928,0,6,255,250
644,-857,-253,0,1016,896,0,2,255,252
645,-873,-267,0,1016,928,0,0,255,254
646,-937,-281,0,1016,912,1016,254,0,4
647,-1044,-322,0,1016,912,1016,254,0,5
648,-1135,-394,0,1016,968,0,0,0,5
649,-1147,-364,0,0,5,0,0,0,5
650,-1442,-189,0,0,14,1016,242,0,14
651,-1339,-280,0,0,3,1016,231,0,26
652,-915,-81,0,1016,920,1016,254,255,247
653,-962,-235,0,1016,848,1016,255,255,249
654,-857,-227,0,1016,1016,0,4,255,248
655,-857,-170,0,0,9,0,10,255,250
656,-874,-173,0,0,5,0,10,255,250
657,-977,-153,1,0,7,0,7,255,249
658,-1188,-143,11,1016,984,0,6,255,247
659,-1368,-573,0,0,6,1016,222,0,3
660,-1093,-259,0,0,38,1016,240,0,2
661,-838,-324,0,1016,976,1016,234,255,249
662,-919,-342,0,0,13,0,13,0,1
663,-981,-291,0,1016,1016,0,8,0,0
664,-823,-187,0,0,7,0,5,255,254
665,-844,-239,15,1016,992,0,3,255,251
666,-871,-208,29,1016,1008,0,0,255,252
667,-899,-206,31,1016,952,1016,253,255,255
668,-948,-220,23,1016,880,1016,253,0,1
669,-1108,-526,0,1016,864,0,3,0,3
670,-1142,-467,0,0,18,0,8,0,3
671,-1320,-185,51,0,5,1016,238,0,30
672,-849,-212,0,0,6,0,8,255,247
673,-795,-194,0,0,11,0,12,255,249
674,-980,-149,0,0,16,0,9,255,252
675,-1046,-189,0,0,8,0,5,255,249
676,-1064,-159,11,0,9,0,4,255,249
677,-1096,-172,18,0,2,0,5,255,249
678,-1126,-217,0,1016,1000,0,4,255,247
679,-1119,-254,0,0,3,1016,254,255,249
680,-1313,-522,0,1016,1016,1016,231,0,2
681,-865,-502,-257,1016,1016,0,1,255,254
682,-910,-452,-257,0,31,0,9,0,1
683,-867,-301,0,0,12,0,5,0,0
684,-822,-284,0,0,17,0,7,0,0
685,-821,-199,0,0,11,0,5,255,253
686,-847,-226,7,1016,1008,0,3,255,254
687,-975,-255,12,1016,936,1016,254,0,4
688,-1037,-294,0,1016,912,1016,254,0,5
689,-1116,-417,0,1016,944,0,0,0,5
690,-996,-76,0,1016,992,1016,250,0,8
691,-995,-100,-257,1016,856,0,3,255,251
692,-953,-304,-257,1016,744,1016,252,255,249
693,-971,-236,0,1016,904,1016,254,255,247
694,-862,-192,0,1016,984,0,2,255,244
695,-855,-134,0,0,9,0,9,255,248
696,-1067,-137,41,0,8,0,11,255,244
697,-1181,-219,8,1016,944,0,6,255,241
698,-1195,-306,0,1016,952,0,0,255,241
699,-1190,-279,0,0,9,1016,248,255,244
700,-1337,-507,0,0,2,1016,220,255,247
701,-839,-499,-257,1016,856,1016,255,255,248
702,-980,-369,0,0,27,0,11,0,2
703,-818,-272,0,0,4,0,7,0,2
704,-881,-276,5,1016,984,0,1,0,0
705,-947,-212,0,1016,928,1016,254,0,6
706,-1052,-329,0,1016,872,1016,254,0,5
707,-1101,-465,0,1016,944,0,3,0,3
708,-1521,-159,101,0,2,1016,234,0,30
709,-983,-324,-257,1016,528,1016,248,255,243
710,-973,-391,-257,1016,832,0,4,255,247
711,-986,-225,0,1016,944,1016,255,255,247
712,-818,-216,0,0,0,0,0,255,249
713,-799,-236,0,1016,1000,0,1,255,249
714,-822,-160,0,0,8,0,5,255,251
715,-793,-128,0,0,4,0,7,255,250
716,-1020,-161,0,0,0,0,6,255,246
717,-1134,-184,0,1016,1016,0,7,255,243
718,-1245,-279,0,1016,992,0,4,255,243
719,-320,-44,36,1016,912,0,2,84,93
720,-904,-309,0,0,8,1016,235,255,252
721,-880,-546,-257,0,1,0,3,255,254
722,-918,-512,-257,0,10,0,9,0,0
723,-1015,-342,0,0,20,0,10,0,5
724,-846,-281,0,0,10,0,8,0,3
725,-790,-230,0,0,9,0,9,0,1
726,-777,-210,0,0,5,0,9,0,0
727,-854,-242,0,1016,936,0,3,255,253
728,-863,-229,0,1016,936,0,1,0,0
729,-1040,-291,0,1016,840,0,1,0,6
730,-1516,-221,0,0,20,1016,250,0,26
731,-1326,-159,0,0,12,1016,252,0,24
732,-1037,-87,-257,1016,960,0,0,255,254
733,-1011,-158,-257,1016,800,1016,248,255,249
734,-983,-274,-257,1016,856,1016,254,255,250
735,-1003,-213,-257,1016,912,1016,255,255,248
736,-799,-167,0,0,1,0,7,255,252
737,-987,-173,0,0,6,0,14,255,245
738,-1273,-307,0,1016,944,1016,243,255,244
739,-1321,-436,0,0,30,1016,242,255,254
740,-704,-423,-257,1016,824,1016,227,255,245
741,-1040,-302,0,0,22,0,14,0,5
742,-856,-288,0,0,3,0,14,0,4
743,-762,-160,0,0,0,0,12,0,0
744,-853,-257,0,1016,896,0,6,255,255
745,-869,-233,16,1016,992,0,0,0,2
746,-925,-216,0,1016,920,1016,254,0,5
747,-1082,-356,0,1016,816,1016,255,0,7
748,-1211,-533,0,1016,984,0,7,0,4
749,-1393,-432,0,0,14,0,7,0,4
750,-1592,-209,0,0,30,1016,251,0,21
751,-934,-57,-257,0,22,0,0,255,252
752,-825,-263,0,0,6,0,0,255,246
753,-749,-189,0,0,12,0,4,255,246
754,-746,-167,0,0,15,0,4,255,246
755,-839,-154,0,0,12,0,8,255,249
756,-899,-141,0,0,11,0,11,255,246
757,-1272,-300,0,1016,912,1016,240,255,240
758,-1097,-404,0,0,19,1016,231,0,2
759,-811,-620,-257,0,3,0,1,0,0
760,-992,-326,0,0,34,0,12,0,8
761,-975,-296,0,0,15,0,7,0,6
762,-823,-297,0,0,12,0,7,0,4
763,-874,-270,24,1016,1016,0,10,255,253
764,-966,-199,35,1016,960,0,0,0,6
765,-1072,-328,0,1016,872,0,2,0,6
766,-1502,-305,0,0,15,0,3,0,12
767,-1205,-181,0,1016,944,1016,248,0,0
768,-964,-284,-257,1016,896,1016,250,255,249
769,-904,-256,0,1016,944,1016,252,255,247
770,-849,-281,0,1016,992,1016,255,255,246
771,-820,-228,0,0,7,0,1,255,247
772,-796,-187,0,0,12,0,2,255,249
773,-765,-168,0,0,5,0,5,255,250
774,-767,-181,0,0,4,0,6,255,250
775,-793,-183,0,0,9,0,11,255,248
776,-838,-150,0,0,9,0,11,255,246
777,-906,-184,0,0,5,0,9,255,245
778,-1153,-144,4,0,1,0,9,255,244
779,-1303,-336,0,1016,1000,1016,244,255,240
780,-1470,-574,0,0,0,1016,220,255,242
781,-817,-574,-257,0,0,0,8,255,252
782,-1001,-335,0,0,20,0,11,0,5
783,-995,-335,0,0,0,0,6,0,3
784,-795,-309,0,0,5,0,10,0,3
785,-784,-295,0,0,5,0,10,0,3
786,-747,-208,0,0,2,0,9,0,0
787,-761,-190,0,0,0,0,9,0,0
788,-854,-308,3,1016,920,0,1,0,0
789,-886,-270,0,1016,984,1016,255,0,4
790,-939,-255,0,1016,968,1016,254,0,6
791,-1058,-394,0,1016,872,1016,254,0,8
792,-1101,-520,0,1016,968,0,1,0,6
793,-1349,-427,0,0,30,0,4,0,5
794,-1219,-188,0,0,17,1016,240,0,10
795,-922,-16,0,1016,1000,1016,255,255,246
796,-942,-210,0,1016,808,1016,250,255,251
797,-991,-246,0,1016,904,1016,254,255,252
798,-822,-253,0,0,1,0,4,255,243
799,-774,-269,0,0,1,0,6,255,242
800,-783,-235,0,0,13,0,8,255,244
801,-852,-198,0,0,12,0,14,255,250
802,-926,-160,0,0,17,0,16,255,248
803,-1162,-257,0,1016,952,0,2,255,243
804,-1355,-336,0,1016,960,1016,250,255,243
805,-813,-662,-257,1016,968,0,0,0,3
806,-1045,-392,0,0,32,0,10,0,10
807,-878,-198,58,1016,904,0,6,0,0
808,-920,-228,0,1016,880,0,0,0,7
809,-875,-251,0,0,1,1016,255,255,245
810,-743,-211,0,0,15,0,7,255,246
811,-827,-169,0,0,3,0,8,255,251
812,-897,-185,0,0,4,0,10,255,250
813,-962,-179,0,0,0,0,3,255,248
814,-1009,-215,0,0,2,0,3,255,248
815,-1088,-179,12,0,7,0,4,255,247
816,-1180,-141,66,0,1,0,4,255,247
817,-1382,-528,0,0,10,1016,242,0,4
818,-937,-422,0,1016,920,1016,231,255,247
819,-843,-600,-257,0,11,0,10,0,2
820,-901,-303,0,0,14,0,9,0,8
821,-811,-238,0,0,12,0,8,0,7
822,-793,-247,0,0,5,0,8,0,5
823,-777,-176,0,0,0,0,8,0,1
824,-1084,-351,0,1016,848,1016,255,0,9
825,-1524,-154,0,0,19,1016,250,0,26
826,-1082,-271,-257,1016,1008,0,0,0,0
827,-1052,-221,-257,1016,1000,1016,250,0,0
828,-842,-167,0,0,8,1016,253,255,247
829,-790,-186,0,0,7,0,0,255,245
830,-759,-138,0,0,15,0,3,255,245
831,-795,-174,0,0,20,0,8,255,245
832,-880,-125,0,0,29,0,12,255,246
833,-1069,-90,34,0,12,0,4,255,244
834,-788,-517,-257,1016,920,1016,250,255,248
835,-875,-438,0,0,21,0,14,0,3
836,-869,-272,0,0,0,0,6,0,2
837,-788,-271,0,1016,1000,0,7,0,3
838,-857,-212,5,1016,976,0,10,0,0
839,-899,-214,0,1016,936,0,10,255,255
840,-912,-223,0,1016,936,0,1,0,3
841,-1147,-412,0,1016,984,0,0,0,5
842,-1229,-230,0,0,28,0,0,0,5
843,-1485,-184,0,0,13,1016,238,0,18
844,-1403,-167,0,0,5,1016,247,0,16
845,-1070,-105,0,1016,984,1016,244,0,1
846,-950,-166,-257,1016,848,1016,253,255,241
847,-970,-212,0,1016,976,0,0,255,250
848,-988,-216,0,1016,880,1016,252,255,251
849,-903,-260,0,1016,912,1016,254,255,250
850,-854,-239,0,1016,968,0,0,255,249
851,-827,-244,0,0,3,0,5,255,249
852,-845,-152,0,0,11,0,7,255,249
853,-863,-161,0,0,8,0,11,255,248
854,-915,-139,0,0,8,0,10,255,244
855,-950,-159,0,0,8,0,9,255,244
856,-1231,-237,0,1016,944,0,0,255,239
857,-1218,-277,0,0,39,1016,235,255,250
858,-870,-442,0,0,25,0,17,0,3
859,-979,-287,0,0,21,0,15,0,4
860,-822,-218,0,0,0,0,12,0,1
861,-863,-246,0,1016,920,0,8,255,255
862,-896,-276,0,1016,920,0,5,255,255
863,-888,-268,0,1016,952,0,0,255,255
864,-1004,-271,0,1016,896,1016,254,0,7
865,-1095,-396,0,1016,888,0,0,0,7
866,-1271,-154,0,0,15,1016,243,0,18
867,-959,-97,0,0,2,1016,248,0,2
868,-972,-68,0,1016,984,1016,254,255,250
869,-990,-255,-257,1016,760,1016,248,255,248
870,-1072,-224,0,1016,936,0,5,255,249
871,-902,-312,0,1016,920,0,0,255,242
872,-842,-250,0,1016,968,0,1,255,241
873,-771,-204,0,0,8,0,6,255,244
874,-844,-193,0,0,6,0,10,255,249
875,-932,-166,0,0,11,0,11,255,249
876,-1025,-172,0,0,11,0,5,255,247
877,-1117,-157,8,0,2,0,6,255,244
878,-1193,-251,0,1016,976,0,2,255,241
879,-904,-438,0,0,0,1016,230,255,251
880,-890,-587,0,0,23,0,17,0,3
881,-964,-395,0,0,29,0,16,0,5
882,-962,-358,0,0,14,0,14,0,5
883,-758,-284,0,0,9,0,10,0,6
884,-741,-239,0,0,14,0,10,0,6
885,-817,-184,32,0,0,0,12,0,3
886,-871,-239,13,1016,968,0,9,0,3
887,-887,-233,0,1016,984,0,3,0,4
888,-1004,-293,0,1016,920,0,0,0,9
889,-1217,-433,0,0,10,0,3,0,8
890,-966,-228,-257,1016,896,0,1,255,246
891,-766,-236,0,1016,1016,0,0,255,242
892,-771,-182,0,0,9,0,4,255,245
893,-783,-136,0,0,2,0,3,255,248
894,-785,-150,0,0,0,0,4,255,248
895,-847,-158,0,0,2,0,8,255,250
896,-923,-129,0,0,1,0,8,255,249
897,-999,-168,0,0,0,0,4,255,244
898,-1058,-134,0,1016,1016,0,7,255,243
899,-1181,-164,0,1016,960,0,7,255,242
900,-1444,-532,0,1016,872,1016,230,255,243
901,-1265,-410,0,0,28,1016,241,0,2
902,-933,-458,0,0,35,0,18,0,5
903,-1021,-313,0,0,13,0,10,0,5
904,-868,-305,0,0,9,0,7,0,6
905,-777,-157,0,0,3,0,7,0,3
906,-864,-228,0,1016,960,0,3,0,1
907,-893,-259,11,1016,968,0,1,0,0
908,-933,-178,0,1016,1000,1016,255,0,4
909,-1041,-250,0,1016,888,1016,255,0,7
910,-1475,-268,0,0,28,0,2,0,11
911,-1043,-146,0,1016,904,1016,239,0,1
912,-968,-115,-257,1016,952,1016,255,255,248
913,-1061,-224,0,1016,936,0,2,255,251
914,-1028,-207,0,1016,912,1016,255,255,245
915,-790,-164,0,0,4,0,5,255,246
916,-825,-195,0,0,5,0,7,255,246
917,-975,-142,0,0,7,0,0,255,246
918,-1014,-118,0,0,6,0,1,255,245
919,-1381,-546,0,0,5,1016,235,255,255
920,-1090,-342,0,0,11,1016,234,255,252
921,-769,-557,-257,0,0,0,6,255,249
922,-985,-319,0,0,18,0,12,255,254
923,-804,-322,0,1016,1008,0,7,255,255
924,-772,-219,0,1016,960,0,8,255,254
925,-801,-248,0,1016,928,0,6,255,255
926,-819,-263,0,1016,928,0,3,0,0
927,-870,-276,0,1016,888,1016,255,0,7
928,-983,-360,0,1016,888,1016,255,0,12
929,-1121,-438,0,1016,928,0,0,0,14
930,-1155,-462,0,0,7,0,2,0,13
931,-1367,-287,0,0,26,0,2,0,16
932,-1504,-205,0,0,16,1016,244,0,30
933,-969,-85,-257,1016,992,1016,254,255,253
934,-1094,-374,0,1016,984,0,2,255,252
935,-983,-345,0,1016,984,0,3,255,245
936,-883,-333,0,0,3,0,4,255,245
937,-764,-115,0,0,26,0,10,255,248
938,-766,-78,0,0,12,0,7,255,250
939,-769,-180,0,1016,1008,0,11,255,247
940,-978,-88,0,0,8,1016,255,255,253
941,-1181,-62,71,1016,904,0,0,255,255
942,-1255,-297,0,1016,680,1016,249,255,250
943,-1414,-525,0,0,34,1016,226,0,9
944,-813,-264,0,1016,920,1016,236,255,249
945,-762,-459,-257,1016,704,1016,249,255,245
946,-862,-643,-257,1016,904,0,8,255,247
947,-946,-348,0,0,35,0,21,255,254
948,-898,-332,0,1016,920,1016,255,255,254
949,-801,-318,0,1016,992,0,7,255,252
950,-813,-180,0,0,6,0,25,255,250
951,-812,-219,0,1016,952,0,21,255,251
952,-868,-284,0,1016,856,1016,255,0,8
953,-1005,-433,0,1016,904,1016,254,0,14
954,-1087,-367,0,0,16,0,8,0,19
955,-1100,-252,0,0,5,1016,254,0,19
956,-1377,-176,0,0,11,1016,253,0,30
957,-1138,-249,-257,1016,776,1016,253,255,254
958,-1018,-174,-257,1016,976,0,0,255,243
959,-792,-121,0,0,11,0,3,255,231
960,-737,32,0,0,7,0,11,255,235
961,-922,-122,0,0,7,0,9,255,250
962,-1109,-142,0,0,23,0,6,0,0
963,-1337,-72,0,0,22,1016,243,0,3
964,-1464,-281,0,0,5,1016,231,0,11
965,-1336,-260,0,0,35,1016,232,0,22
966,-944,-226,0,0,4,1016,224,0,5
967,-1082,-320,0,0,11,0,6,255,248
968,-996,-262,0,0,6,0,4,255,247
969,-781,-206,0,1016,968,0,0,255,247
970,-736,-226,0,1016,928,0,2,255,250
971,-761,-160,0,1016,952,0,9,255,250
972,-794,-170,25,1016,896,0,11,255,250
973,-1162,-247,0,1016,1016,0,1,0,27
974,-1607,-157,0,0,0,0,0,0,24
975,-1225,-18,0,0,2,1016,243,0,5
976,-1065,16,-257,1016,824,1016,247,255,249
977,-1043,-192,-257,1016,1008,1016,249,255,248
978,-1038,-128,0,0,0,1016,244,255,244
979,-928,-193,0,1016,1000,1016,240,255,240
980,-808,-161,0,0,3,1016,244,255,238
981,-745,-91,0,0,1,1016,255,255,240
982,-833,-172,0,1016,1016,0,1,255,241
983,-902,-92,15,0,0,1016,247,255,233
984,-962,15,27,1016,960,1016,246,255,237
985,6424,2573,21442,592,992,84,254,232,255
986,-1146,-225,71,0,0,0,5,255,247
987,-1238,-274,0,0,7,1016,246,255,243
988,-1296,-408,61,0,39,1016,243,0,2
989,-835,-164,0,0,12,1016,243,255,246
990,-901,-587,-257,0,27,0,32,255,255
991,-1073,-187,0,0,44,0,34,0,0
992,-829,-271,0,0,0,0,12,255,255
993,-1001,-293,0,1016,968,1016,251,0,6
994,-943,-181,0,1016,1000,1016,253,255,252
995,-997,-259,0,1016,928,1016,252,255,252
996,-822,-245,0,1016,968,0,0,255,248
997,-807,-194,0,0,2,0,5,255,248
998,-821,-158,0,0,2,0,4,255,250
999,-1009,-138,52,0,12,0,5,255,251
1000,-996,-340,0,0,22,0,20,0,4
1001,-773,-243,0,0,4,0,7,0,3
1002,-923,-278,0,0,4,0,0,0,0
1003,-973,-251,0,0,6,0,0,0,0
1004,-1094,-332,0,1016,992,1016,254,0,1
1005,-975,-158,0,1016,784,1016,253,255,243
1006,-983,-226,0,1016,864,1016,253,255,246
1007,-939,-318,0,1016,888,1016,248,255,247
1008,-845,-216,0,1016,1008,0,8,255,248
1009,-879,-214,0,0,5,0,11,255,250
1010,-972,-224,0,0,11,0,6,255,243
1011,-1077,-195,13,0,12,0,9,255,242
1012,-1427,-654,0,0,7,1016,236,255,250
1013,-1000,-343,0,0,27,1016,242,255,252
1014,-953,-401,0,0,4,0,7,0,3
1015,-881,-309,0,0,14,0,6,0,7
1016,-837,-239,0,0,4,0,3,0,7
1017,-806,-256,0,1016,984,0,2,0,4
1018,-788,-258,0,1016,1000,0,4,0,3
1019,-865,-322,32,1016,984,0,0,0,0
1020,-951,-329,0,1016,1008,1016,253,0,3
1021,-1077,-404,14,0,7,1016,253,0,4
1022,-1516,-298,67,0,11,1016,246,0,22
1023,-1013,-231,0,1016,896,0,3,255,249
1024,-1002,-266,0,1016,936,0,0,255,251
1025,-982,-274,0,1016,960,1016,255,255,250
1026,-822,-221,0,0,9,0,4,255,246
1027,-823,-177,0,0,2,0,3,255,249
1028,-912,-173,8,0,0,0,3,255,248
1029,-996,-192,43,0,3,0,2,255,248
1030,-1130,-229,82,1016,1000,0,5,255,248
1031,-1268,-345,0,0,10,1016,248,255,246
1032,-1399,-598,0,0,9,1016,224,255,247
1033,-804,-204,0,1016,1000,1016,248,255,246
1034,-795,-406,-257,1016,816,1016,252,255,247
1035,-940,-623,-257,1016,952,0,5,0,0
1036,-914,-324,0,1016,992,0,1,0,3
1037,-781,-258,0,1016,992,0,2,0,3
1038,-762,-245,0,1016,928,0,3,255,255
1039,-813,-285,22,1016,888,0,2,255,254
1040,-837,-279,33,1016,920,0,1,0,0
1041,-832,-272,27,1016,936,1016,255,0,0
1042,-859,-285,19,1016,944,1016,254,0,3
1043,-991,-280,33,1016,968,1016,254,0,6
1044,-1100,-345,26,1016,920,1016,254,0,7
1045,-1118,-365,81,0,15,0,6,0,3
1046,-1441,-299,76,0,2,1016,239,0,20
1047,-1008,-100,0,1016,896,0,6,255,247
1048,-1010,-227,-257,1016,768,1016,255,255,245
1049,-936,-344,0,1016,912,1016,254,255,246
1050,-821,-272,0,1016,992,0,0,255,243
1051,-773,-144,0,1016,1016,0,5,255,250
1052,-789,-182,0,1016,944,0,7,255,253
1053,-819,-193,0,1016,960,0,11,255,254
1054,-877,-176,0,1016,952,0,8,255,247
1055,-981,-222,0,1016,936,0,8,255,247
1056,-1216,-368,0,1016,992,1016,249,255,241
1057,-1252,-469,0,0,24,1016,244,255,253
1058,-927,-308,0,0,15,1016,242,255,249
1059,-787,-447,-257,1016,928,1016,243,255,250
1060,-888,-596,-257,0,19,0,12,0,5
1061,-923,-377,0,0,3,0,0,0,6
1062,-841,-323,0,0,12,0,4,0,10
1063,-806,-183,0,0,0,0,1,0,8
1064,-793,-214,0,1016,952,0,0,0,4
1065,-801,-239,0,1016,936,0,2,0,1
1066,-883,-226,12,1016,912,0,0,0,0
1067,-957,-250,14,1016,912,0,0,0,2
1068,-1059,-303,0,1016,872,0,1,0,3
1069,-1083,-401,0,1016,888,0,3,0,3
1070,-1116,-317,15,0,10,0,5,0,6
1071,-1329,-195,0,0,0,1016,249,0,26
1072,-1075,-237,0,1016,848,0,0,255,251
1073,-1088,-237,0,1016,848,0,0,255,251
1074,-1048,-350,0,1016,776,1016,251,255,248
1075,-950,-320,0,1016,944,1016,251,255,245
1076,-775,-217,0,0,3,1016,252,255,242
1077,-751,-152,0,0,7,1016,254,255,245
1078,-759,-185,0,1016,1016,1016,255,255,249
1079,-893,-95,29,0,3,1016,255,255,254
1080,-869,-218,0,1016,896,1016,254,255,253
1081,-1196,-231,69,1016,1008,0,9,255,251
1082,-1180,-279,44,1016,1000,0,0,255,245
1083,-1315,-450,0,0,6,1016,232,255,243
1084,-1294,-382,54,0,25,1016,252,255,252
1085,-879,-542,-257,0,19,0,16,0,5
1086,-1028,-369,0,0,1,0,1,0,4
1087,-858,-387,0,0,13,0,2,0,6
1088,-822,-306,0,0,26,0,7,0,6
1089,-807,-232,20,0,9,0,3,0,3
1090,-844,-264,61,0,3,0,4,0,0
1091,-862,-251,105,0,7,0,5,0,1
1092,-908,-202,100,0,4,0,1,0,4
1093,-1026,-303,15,1016,920,0,0,0,6
1094,-1083,-408,21,1016,976,0,5,0,4
1095,-1234,-330,0,0,15,0,5,0,3
1096,-968,-101,0,1016,984,0,0,255,242
1097,-964,-305,0,1016,928,1016,255,255,245
1098,-821,-232,0,0,1,0,3,255,243
1099,-794,-202,0,0,3,0,4,255,244
1100,-799,-158,0,0,3,0,0,255,249
1101,-806,-160,0,0,0,0,0,255,251
1102,-820,-183,0,1016,1008,0,0,255,252
1103,-881,-199,0,0,0,0,1,255,253
1104,-993,-205,0,0,0,1016,255,255,255
1105,-1028,-227,7,0,2,1016,254,255,254
1106,-1086,-208,47,0,0,0,1,255,250
1107,-1080,-247,39,1016,1000,1016,255,255,248
1108,-1154,-236,0,0,4,1016,248,255,248
1109,-1075,-181,95,0,17,1016,250,255,255
1110,-1058,-412,0,1016,888,0,0,0,5
1111,-1106,-326,0,1016,864,1016,254,0,4
1112,-1030,-386,0,1016,728,1016,247,0,2
1113,-931,-290,0,1016,800,1016,248,0,4
1114,-896,-239,0,1016,760,1016,247,0,5
1115,-866,-228,0,1016,704,1016,244,0,5
1116,-839,-284,0,1016,640,1016,243,0,3
1117,-945,-325,0,1016,688,1016,252,0,3
1118,-999,-299,0,1016,680,1016,252,0,3
1119,-997,-330,0,1016,624,1016,253,0,2
1120,-988,-326,0,1016,640,1016,252,0,2
1121,-977,-313,0,1016,624,1016,250,0,1
